split,head,ds,comp,vid,src_group,mother_iou,selector_iou,delta
rv_dev,G,rv,0,081,rv:081,0.368509,0.368556,0.000047
rv_dev,G,rv,1,081,rv:081,0.816993,0.824408,0.007415
rv_dev,G,rv,0,082,rv:082,0.825569,0.829145,0.003576
rv_dev,G,rv,1,082,rv:082,0.861457,0.867142,0.005686
rv_dev,G,rv,0,083,rv:083,0.655014,0.655905,0.000891
rv_dev,G,rv,1,083,rv:083,0.833419,0.848211,0.014793
rv_dev,G,rv,0,084,rv:084,0.846647,0.839030,-0.007617
rv_dev,G,rv,1,084,rv:084,0.798668,0.865435,0.066766
rv_dev,G,rv,0,085,rv:085,0.879599,0.879599,0.000000
rv_dev,G,rv,1,085,rv:085,0.873549,0.873549,0.000000
rv_dev,G,rv,0,086,rv:086,0.802500,0.799204,-0.003296
rv_dev,G,rv,1,086,rv:086,0.843628,0.837232,-0.006396
rv_dev,G,rv,0,087,rv:087,0.636481,0.637386,0.000906
rv_dev,G,rv,1,087,rv:087,0.618688,0.626000,0.007312
rv_dev,G,rv,0,088,rv:088,0.498065,0.502108,0.004043
rv_dev,G,rv,1,088,rv:088,0.797622,0.790578,-0.007045
rv_dev,G,rv,0,089,rv:089,0.806083,0.796303,-0.009780
rv_dev,G,rv,1,089,rv:089,0.873642,0.883777,0.010135
rv_dev,G,rv,0,090,rv:090,0.553282,0.553654,0.000372
rv_dev,G,rv,1,090,rv:090,0.708056,0.767957,0.059901
rv_dev,G,rv,0,091,rv:091,0.721081,0.708631,-0.012451
rv_dev,G,rv,1,091,rv:091,0.848975,0.867758,0.018783
rv_dev,G,rv,0,092,rv:092,0.626767,0.636608,0.009842
rv_dev,G,rv,1,092,rv:092,0.777839,0.780253,0.002414
rv_dev,G,rv,0,093,rv:093,0.464032,0.466583,0.002552
rv_dev,G,rv,1,093,rv:093,0.814739,0.849526,0.034786
rv_dev,G,rv,0,094,rv:094,0.339829,0.361587,0.021758
rv_dev,G,rv,1,094,rv:094,0.716223,0.771913,0.055689
rv_dev,G,rv,0,095,rv:095,0.446984,0.456721,0.009738
rv_dev,G,rv,1,095,rv:095,0.798879,0.810210,0.011331
rv_dev,G,rv,0,096,rv:096,0.798865,0.799073,0.000208
rv_dev,G,rv,1,096,rv:096,0.826606,0.874588,0.047981
rv_dev,G,rv,0,097,rv:097,0.352335,0.352413,0.000078
rv_dev,G,rv,1,097,rv:097,0.658320,0.699156,0.040836
rv_dev,G,rv,0,098,rv:098,0.376119,0.377484,0.001365
rv_dev,G,rv,1,098,rv:098,0.727092,0.740662,0.013571
rv_dev,G,rv,0,099,rv:099,0.575852,0.567077,-0.008775
rv_dev,G,rv,1,099,rv:099,0.840339,0.858735,0.018396
rv_dev,G,rv,0,100,rv:100,0.518381,0.528172,0.009791
rv_dev,G,rv,1,100,rv:100,0.781830,0.808644,0.026814
rv_dev,V,rv,0,081,rv:081,0.368509,0.401079,0.032570
rv_dev,V,rv,1,081,rv:081,0.816993,0.819689,0.002696
rv_dev,V,rv,0,082,rv:082,0.825569,0.873911,0.048342
rv_dev,V,rv,1,082,rv:082,0.861457,0.870125,0.008669
rv_dev,V,rv,0,083,rv:083,0.655014,0.566769,-0.088245
rv_dev,V,rv,1,083,rv:083,0.833419,0.742857,-0.090562
rv_dev,V,rv,0,084,rv:084,0.846647,0.828833,-0.017814
rv_dev,V,rv,1,084,rv:084,0.798668,0.838920,0.040252
rv_dev,V,rv,0,085,rv:085,0.879599,0.879599,0.000000
rv_dev,V,rv,1,085,rv:085,0.873549,0.873549,0.000000
rv_dev,V,rv,0,086,rv:086,0.802500,0.785133,-0.017367
rv_dev,V,rv,1,086,rv:086,0.843628,0.666730,-0.176898
rv_dev,V,rv,0,087,rv:087,0.636481,0.509045,-0.127436
rv_dev,V,rv,1,087,rv:087,0.618688,0.644566,0.025878
rv_dev,V,rv,0,088,rv:088,0.498065,0.835469,0.337405
rv_dev,V,rv,1,088,rv:088,0.797622,0.799202,0.001579
rv_dev,V,rv,0,089,rv:089,0.806083,0.730120,-0.075964
rv_dev,V,rv,1,089,rv:089,0.873642,0.844027,-0.029616
rv_dev,V,rv,0,090,rv:090,0.553282,0.594365,0.041083
rv_dev,V,rv,1,090,rv:090,0.708056,0.725639,0.017584
rv_dev,V,rv,0,091,rv:091,0.721081,0.674346,-0.046735
rv_dev,V,rv,1,091,rv:091,0.848975,0.852206,0.003232
rv_dev,V,rv,0,092,rv:092,0.626767,0.586206,-0.040560
rv_dev,V,rv,1,092,rv:092,0.777839,0.741499,-0.036340
rv_dev,V,rv,0,093,rv:093,0.464032,0.630794,0.166762
rv_dev,V,rv,1,093,rv:093,0.814739,0.801300,-0.013439
rv_dev,V,rv,0,094,rv:094,0.339829,0.322236,-0.017593
rv_dev,V,rv,1,094,rv:094,0.716223,0.791050,0.074826
rv_dev,V,rv,0,095,rv:095,0.446984,0.522264,0.075281
rv_dev,V,rv,1,095,rv:095,0.798879,0.808498,0.009619
rv_dev,V,rv,0,096,rv:096,0.798865,0.779322,-0.019542
rv_dev,V,rv,1,096,rv:096,0.826606,0.879325,0.052719
rv_dev,V,rv,0,097,rv:097,0.352335,0.400271,0.047936
rv_dev,V,rv,1,097,rv:097,0.658320,0.745000,0.086680
rv_dev,V,rv,0,098,rv:098,0.376119,0.395393,0.019274
rv_dev,V,rv,1,098,rv:098,0.727092,0.788710,0.061619
rv_dev,V,rv,0,099,rv:099,0.575852,0.626623,0.050771
rv_dev,V,rv,1,099,rv:099,0.840339,0.850163,0.009824
rv_dev,V,rv,0,100,rv:100,0.518381,0.546882,0.028501
rv_dev,V,rv,1,100,rv:100,0.781830,0.806595,0.024765
rv_dev,VQ,rv,0,081,rv:081,0.368509,0.401556,0.033047
rv_dev,VQ,rv,1,081,rv:081,0.816993,0.809184,-0.007809
rv_dev,VQ,rv,0,082,rv:082,0.825569,0.880300,0.054731
rv_dev,VQ,rv,1,082,rv:082,0.861457,0.870172,0.008715
rv_dev,VQ,rv,0,083,rv:083,0.655014,0.620778,-0.034236
rv_dev,VQ,rv,1,083,rv:083,0.833419,0.741389,-0.092029
rv_dev,VQ,rv,0,084,rv:084,0.846647,0.821083,-0.025564
rv_dev,VQ,rv,1,084,rv:084,0.798668,0.864623,0.065955
rv_dev,VQ,rv,0,085,rv:085,0.879599,0.879599,0.000000
rv_dev,VQ,rv,1,085,rv:085,0.873549,0.873549,0.000000
rv_dev,VQ,rv,0,086,rv:086,0.802500,0.771808,-0.030692
rv_dev,VQ,rv,1,086,rv:086,0.843628,0.706143,-0.137485
rv_dev,VQ,rv,0,087,rv:087,0.636481,0.521877,-0.114604
rv_dev,VQ,rv,1,087,rv:087,0.618688,0.683165,0.064477
rv_dev,VQ,rv,0,088,rv:088,0.498065,0.851685,0.353621
rv_dev,VQ,rv,1,088,rv:088,0.797622,0.778489,-0.019134
rv_dev,VQ,rv,0,089,rv:089,0.806083,0.723087,-0.082996
rv_dev,VQ,rv,1,089,rv:089,0.873642,0.878908,0.005265
rv_dev,VQ,rv,0,090,rv:090,0.553282,0.483068,-0.070214
rv_dev,VQ,rv,1,090,rv:090,0.708056,0.781440,0.073384
rv_dev,VQ,rv,0,091,rv:091,0.721081,0.667480,-0.053601
rv_dev,VQ,rv,1,091,rv:091,0.848975,0.850072,0.001098
rv_dev,VQ,rv,0,092,rv:092,0.626767,0.535878,-0.090889
rv_dev,VQ,rv,1,092,rv:092,0.777839,0.772315,-0.005524
rv_dev,VQ,rv,0,093,rv:093,0.464032,0.579082,0.115050
rv_dev,VQ,rv,1,093,rv:093,0.814739,0.828226,0.013487
rv_dev,VQ,rv,0,094,rv:094,0.339829,0.351510,0.011681
rv_dev,VQ,rv,1,094,rv:094,0.716223,0.779539,0.063315
rv_dev,VQ,rv,0,095,rv:095,0.446984,0.475874,0.028890
rv_dev,VQ,rv,1,095,rv:095,0.798879,0.825754,0.026874
rv_dev,VQ,rv,0,096,rv:096,0.798865,0.785401,-0.013464
rv_dev,VQ,rv,1,096,rv:096,0.826606,0.851860,0.025254
rv_dev,VQ,rv,0,097,rv:097,0.352335,0.393791,0.041456
rv_dev,VQ,rv,1,097,rv:097,0.658320,0.733179,0.074859
rv_dev,VQ,rv,0,098,rv:098,0.376119,0.411677,0.035558
rv_dev,VQ,rv,1,098,rv:098,0.727092,0.793567,0.066475
rv_dev,VQ,rv,0,099,rv:099,0.575852,0.610957,0.035104
rv_dev,VQ,rv,1,099,rv:099,0.840339,0.864680,0.024341
rv_dev,VQ,rv,0,100,rv:100,0.518381,0.507526,-0.010855
rv_dev,VQ,rv,1,100,rv:100,0.781830,0.787522,0.005692
rv_confirm2,G,rv,0,601,rv:601,0.765986,0.784350,0.018364
rv_confirm2,G,rv,1,601,rv:601,0.652119,0.699154,0.047035
rv_confirm2,G,rv,0,602,rv:602,0.583787,0.593028,0.009241
rv_confirm2,G,rv,1,602,rv:602,0.810096,0.802894,-0.007202
rv_confirm2,G,rv,0,603,rv:603,0.471524,0.471632,0.000109
rv_confirm2,G,rv,1,603,rv:603,0.821872,0.779856,-0.042016
rv_confirm2,G,rv,0,604,rv:604,0.668430,0.673831,0.005401
rv_confirm2,G,rv,1,604,rv:604,0.717329,0.689533,-0.027796
rv_confirm2,G,rv,0,605,rv:605,0.728503,0.730363,0.001860
rv_confirm2,G,rv,1,605,rv:605,0.755523,0.820816,0.065293
rv_confirm2,G,rv,0,606,rv:606,0.125479,0.128924,0.003445
rv_confirm2,G,rv,1,606,rv:606,0.750964,0.818075,0.067111
rv_confirm2,G,rv,0,607,rv:607,0.261197,0.276560,0.015363
rv_confirm2,G,rv,1,607,rv:607,0.919705,0.926359,0.006654
rv_confirm2,G,rv,0,608,rv:608,0.351369,0.364104,0.012736
rv_confirm2,G,rv,1,608,rv:608,0.736643,0.769258,0.032615
rv_confirm2,G,rv,0,609,rv:609,0.730764,0.735357,0.004593
rv_confirm2,G,rv,1,609,rv:609,0.819609,0.864112,0.044503
rv_confirm2,G,rv,0,610,rv:610,0.750322,0.753959,0.003637
rv_confirm2,G,rv,1,610,rv:610,0.793703,0.794627,0.000924
rv_confirm2,G,rv,0,611,rv:611,0.601896,0.618081,0.016185
rv_confirm2,G,rv,1,611,rv:611,0.678513,0.753590,0.075077
rv_confirm2,G,rv,0,612,rv:612,0.646846,0.646892,0.000045
rv_confirm2,G,rv,1,612,rv:612,0.750381,0.800324,0.049943
rv_confirm2,G,rv,0,613,rv:613,0.389557,0.391064,0.001507
rv_confirm2,G,rv,1,613,rv:613,0.870717,0.867639,-0.003077
rv_confirm2,G,rv,0,614,rv:614,0.480819,0.461596,-0.019223
rv_confirm2,G,rv,1,614,rv:614,0.900689,0.908968,0.008278
rv_confirm2,G,rv,0,615,rv:615,0.552561,0.552971,0.000410
rv_confirm2,G,rv,1,615,rv:615,0.778885,0.778783,-0.000102
rv_confirm2,G,rv,0,616,rv:616,0.513028,0.520162,0.007133
rv_confirm2,G,rv,1,616,rv:616,0.927843,0.943825,0.015982
rv_confirm2,G,rv,0,617,rv:617,0.741217,0.741201,-0.000016
rv_confirm2,G,rv,1,617,rv:617,0.785508,0.785512,0.000004
rv_confirm2,G,rv,0,618,rv:618,0.128231,0.130014,0.001783
rv_confirm2,G,rv,1,618,rv:618,0.731475,0.722217,-0.009258
rv_confirm2,G,rv,0,619,rv:619,0.080837,0.079053,-0.001784
rv_confirm2,G,rv,1,619,rv:619,0.643530,0.646802,0.003272
rv_confirm2,G,rv,0,620,rv:620,0.350255,0.355490,0.005234
rv_confirm2,G,rv,1,620,rv:620,0.893313,0.898839,0.005526
rv_confirm2,G,rv,0,621,rv:621,0.885162,0.883593,-0.001569
rv_confirm2,G,rv,1,621,rv:621,0.814600,0.817953,0.003352
rv_confirm2,G,rv,0,622,rv:622,0.853976,0.834546,-0.019430
rv_confirm2,G,rv,1,622,rv:622,0.864579,0.858999,-0.005580
rv_confirm2,G,rv,0,623,rv:623,0.408248,0.419028,0.010780
rv_confirm2,G,rv,1,623,rv:623,0.868511,0.909329,0.040817
rv_confirm2,G,rv,0,624,rv:624,0.769798,0.763813,-0.005986
rv_confirm2,G,rv,1,624,rv:624,0.824619,0.859660,0.035041
rv_confirm2,G,rv,0,625,rv:625,0.599467,0.580826,-0.018641
rv_confirm2,G,rv,1,625,rv:625,0.907519,0.919276,0.011757
rv_confirm2,G,rv,0,626,rv:626,0.619888,0.628756,0.008868
rv_confirm2,G,rv,1,626,rv:626,0.800964,0.732408,-0.068556
rv_confirm2,G,rv,0,627,rv:627,0.498704,0.500019,0.001316
rv_confirm2,G,rv,1,627,rv:627,0.727311,0.725893,-0.001418
rv_confirm2,G,rv,0,628,rv:628,0.454868,0.453684,-0.001184
rv_confirm2,G,rv,1,628,rv:628,0.824414,0.842556,0.018143
rv_confirm2,G,rv,0,629,rv:629,0.771269,0.769409,-0.001860
rv_confirm2,G,rv,1,629,rv:629,0.668092,0.817512,0.149420
rv_confirm2,G,rv,0,630,rv:630,0.713026,0.723123,0.010098
rv_confirm2,G,rv,1,630,rv:630,0.852696,0.868682,0.015986
rv_confirm2,G,rv,0,631,rv:631,0.731451,0.739869,0.008418
rv_confirm2,G,rv,1,631,rv:631,0.729615,0.884411,0.154797
rv_confirm2,G,rv,0,632,rv:632,0.686855,0.687926,0.001071
rv_confirm2,G,rv,1,632,rv:632,0.850047,0.736818,-0.113229
rv_confirm2,G,rv,0,633,rv:633,0.576098,0.585683,0.009585
rv_confirm2,G,rv,1,633,rv:633,0.883149,0.865036,-0.018112
rv_confirm2,G,rv,0,634,rv:634,0.833972,0.835912,0.001940
rv_confirm2,G,rv,1,634,rv:634,0.797224,0.799825,0.002601
rv_confirm2,G,rv,0,635,rv:635,0.396370,0.409275,0.012904
rv_confirm2,G,rv,1,635,rv:635,0.720861,0.731454,0.010593
rv_confirm2,G,rv,0,636,rv:636,0.890568,0.890568,0.000000
rv_confirm2,G,rv,1,636,rv:636,0.543691,0.543691,0.000000
rv_confirm2,G,rv,0,637,rv:637,0.505384,0.515050,0.009666
rv_confirm2,G,rv,1,637,rv:637,0.721974,0.737444,0.015470
rv_confirm2,G,rv,0,638,rv:638,0.124122,0.125849,0.001726
rv_confirm2,G,rv,1,638,rv:638,0.252202,0.252227,0.000025
rv_confirm2,G,rv,0,639,rv:639,0.657210,0.646576,-0.010634
rv_confirm2,G,rv,1,639,rv:639,0.719848,0.745276,0.025428
rv_confirm2,G,rv,0,640,rv:640,0.648593,0.645992,-0.002601
rv_confirm2,G,rv,1,640,rv:640,0.773045,0.772801,-0.000245
rv_confirm2,G,rv,0,641,rv:641,0.371049,0.382769,0.011720
rv_confirm2,G,rv,1,641,rv:641,0.774169,0.791312,0.017143
rv_confirm2,G,rv,0,642,rv:642,0.851585,0.849005,-0.002579
rv_confirm2,G,rv,1,642,rv:642,0.697597,0.656387,-0.041210
rv_confirm2,G,rv,0,643,rv:643,0.857133,0.849683,-0.007450
rv_confirm2,G,rv,1,643,rv:643,0.609859,0.605557,-0.004302
rv_confirm2,G,rv,0,644,rv:644,0.430324,0.430815,0.000491
rv_confirm2,G,rv,1,644,rv:644,0.794375,0.793679,-0.000697
rv_confirm2,G,rv,0,645,rv:645,0.462888,0.461013,-0.001876
rv_confirm2,G,rv,1,645,rv:645,0.679461,0.697317,0.017856
rv_confirm2,G,rv,0,646,rv:646,0.940757,0.940600,-0.000157
rv_confirm2,G,rv,1,646,rv:646,0.873270,0.875088,0.001818
rv_confirm2,G,rv,0,647,rv:647,0.502937,0.518934,0.015996
rv_confirm2,G,rv,1,647,rv:647,0.831353,0.821853,-0.009500
rv_confirm2,G,rv,0,648,rv:648,0.260528,0.259584,-0.000944
rv_confirm2,G,rv,1,648,rv:648,0.758899,0.770288,0.011390
rv_confirm2,G,rv,0,649,rv:649,0.772918,0.751451,-0.021466
rv_confirm2,G,rv,1,649,rv:649,0.899757,0.897170,-0.002588
rv_confirm2,G,rv,0,650,rv:650,0.247921,0.244528,-0.003393
rv_confirm2,G,rv,1,650,rv:650,0.638143,0.674128,0.035986
rv_confirm2,G,rv,0,651,rv:651,0.368943,0.367722,-0.001222
rv_confirm2,G,rv,1,651,rv:651,0.708015,0.704818,-0.003197
rv_confirm2,G,rv,0,652,rv:652,0.385187,0.388336,0.003150
rv_confirm2,G,rv,1,652,rv:652,0.809589,0.823317,0.013728
rv_confirm2,G,rv,0,653,rv:653,0.213677,0.195213,-0.018464
rv_confirm2,G,rv,1,653,rv:653,0.886002,0.825141,-0.060861
rv_confirm2,G,rv,0,654,rv:654,0.465907,0.462037,-0.003870
rv_confirm2,G,rv,1,654,rv:654,0.862094,0.863344,0.001250
rv_confirm2,G,rv,0,655,rv:655,0.591595,0.600309,0.008714
rv_confirm2,G,rv,1,655,rv:655,0.781357,0.795134,0.013776
rv_confirm2,G,rv,0,656,rv:656,0.721601,0.730641,0.009040
rv_confirm2,G,rv,1,656,rv:656,0.700920,0.702091,0.001171
rv_confirm2,G,rv,0,657,rv:657,0.506320,0.523183,0.016863
rv_confirm2,G,rv,1,657,rv:657,0.818016,0.823996,0.005980
rv_confirm2,G,rv,0,658,rv:658,0.838148,0.835140,-0.003009
rv_confirm2,G,rv,1,658,rv:658,0.679864,0.661801,-0.018063
rv_confirm2,G,rv,0,659,rv:659,0.637829,0.637829,0.000000
rv_confirm2,G,rv,1,659,rv:659,0.804995,0.804995,0.000000
rv_confirm2,G,rv,0,660,rv:660,0.823462,0.848344,0.024881
rv_confirm2,G,rv,1,660,rv:660,0.644789,0.784712,0.139923
rv_confirm2,G,rv,0,661,rv:661,0.261896,0.257132,-0.004764
rv_confirm2,G,rv,1,661,rv:661,0.849038,0.854388,0.005349
rv_confirm2,G,rv,0,662,rv:662,0.533040,0.543309,0.010269
rv_confirm2,G,rv,1,662,rv:662,0.692934,0.686259,-0.006674
rv_confirm2,G,rv,0,663,rv:663,0.388053,0.388053,0.000000
rv_confirm2,G,rv,1,663,rv:663,0.744048,0.744048,0.000000
rv_confirm2,G,rv,0,664,rv:664,0.522611,0.522098,-0.000512
rv_confirm2,G,rv,1,664,rv:664,0.716835,0.715681,-0.001154
rv_confirm2,G,rv,0,665,rv:665,0.603209,0.604766,0.001557
rv_confirm2,G,rv,1,665,rv:665,0.848379,0.860631,0.012252
rv_confirm2,G,rv,0,666,rv:666,0.571262,0.572067,0.000805
rv_confirm2,G,rv,1,666,rv:666,0.922904,0.898163,-0.024741
rv_confirm2,G,rv,0,667,rv:667,0.793946,0.779990,-0.013956
rv_confirm2,G,rv,1,667,rv:667,0.819889,0.832055,0.012166
rv_confirm2,G,rv,0,668,rv:668,0.401599,0.416160,0.014561
rv_confirm2,G,rv,1,668,rv:668,0.698874,0.709251,0.010377
rv_confirm2,G,rv,0,669,rv:669,0.800439,0.798614,-0.001826
rv_confirm2,G,rv,1,669,rv:669,0.784809,0.847527,0.062718
rv_confirm2,G,rv,0,670,rv:670,0.363210,0.364064,0.000854
rv_confirm2,G,rv,1,670,rv:670,0.789420,0.796817,0.007398
rv_confirm2,G,rv,0,671,rv:671,0.792148,0.777301,-0.014847
rv_confirm2,G,rv,1,671,rv:671,0.667747,0.683186,0.015438
rv_confirm2,G,rv,0,672,rv:672,0.610483,0.626909,0.016425
rv_confirm2,G,rv,1,672,rv:672,0.759188,0.794354,0.035166
rv_confirm2,G,rv,0,673,rv:673,0.321493,0.322232,0.000739
rv_confirm2,G,rv,1,673,rv:673,0.803235,0.866536,0.063301
rv_confirm2,G,rv,0,674,rv:674,0.640525,0.659667,0.019142
rv_confirm2,G,rv,1,674,rv:674,0.880145,0.913493,0.033347
rv_confirm2,G,rv,0,675,rv:675,0.785154,0.784098,-0.001056
rv_confirm2,G,rv,1,675,rv:675,0.640178,0.640265,0.000087
rv_confirm2,G,rv,0,676,rv:676,0.823891,0.818903,-0.004988
rv_confirm2,G,rv,1,676,rv:676,0.724264,0.744073,0.019809
rv_confirm2,G,rv,0,677,rv:677,0.260864,0.254977,-0.005886
rv_confirm2,G,rv,1,677,rv:677,0.861534,0.826253,-0.035281
rv_confirm2,G,rv,0,678,rv:678,0.590389,0.595088,0.004699
rv_confirm2,G,rv,1,678,rv:678,0.831665,0.829789,-0.001876
rv_confirm2,G,rv,0,679,rv:679,0.644622,0.651955,0.007333
rv_confirm2,G,rv,1,679,rv:679,0.722778,0.726114,0.003337
rv_confirm2,G,rv,0,680,rv:680,0.261008,0.259377,-0.001631
rv_confirm2,G,rv,1,680,rv:680,0.876043,0.859583,-0.016460
rv_confirm2,G,rv,0,681,rv:681,0.430179,0.427618,-0.002561
rv_confirm2,G,rv,1,681,rv:681,0.695933,0.755038,0.059105
rv_confirm2,G,rv,0,682,rv:682,0.520243,0.518739,-0.001504
rv_confirm2,G,rv,1,682,rv:682,0.783933,0.759159,-0.024775
rv_confirm2,G,rv,0,683,rv:683,0.845075,0.846582,0.001507
rv_confirm2,G,rv,1,683,rv:683,0.815865,0.816129,0.000264
rv_confirm2,G,rv,0,684,rv:684,0.506466,0.506281,-0.000185
rv_confirm2,G,rv,1,684,rv:684,0.778018,0.809427,0.031409
rv_confirm2,G,rv,0,685,rv:685,0.851511,0.832491,-0.019020
rv_confirm2,G,rv,1,685,rv:685,0.809600,0.808786,-0.000814
rv_confirm2,G,rv,0,686,rv:686,0.273197,0.284559,0.011362
rv_confirm2,G,rv,1,686,rv:686,0.764427,0.783842,0.019415
rv_confirm2,G,rv,0,687,rv:687,0.490982,0.508353,0.017371
rv_confirm2,G,rv,1,687,rv:687,0.856631,0.806563,-0.050068
rv_confirm2,G,rv,0,688,rv:688,0.433023,0.429844,-0.003179
rv_confirm2,G,rv,1,688,rv:688,0.783048,0.834338,0.051290
rv_confirm2,G,rv,0,689,rv:689,0.806996,0.796861,-0.010135
rv_confirm2,G,rv,1,689,rv:689,0.799323,0.862919,0.063596
rv_confirm2,G,rv,0,690,rv:690,0.742504,0.749281,0.006778
rv_confirm2,G,rv,1,690,rv:690,0.917142,0.880412,-0.036730
rv_confirm2,G,rv,0,691,rv:691,0.525909,0.508938,-0.016971
rv_confirm2,G,rv,1,691,rv:691,0.848946,0.902906,0.053960
rv_confirm2,G,rv,0,692,rv:692,0.512152,0.503990,-0.008162
rv_confirm2,G,rv,1,692,rv:692,0.540062,0.572453,0.032391
rv_confirm2,G,rv,0,693,rv:693,0.861662,0.868805,0.007142
rv_confirm2,G,rv,1,693,rv:693,0.822264,0.906429,0.084165
rv_confirm2,G,rv,0,694,rv:694,0.482883,0.495965,0.013081
rv_confirm2,G,rv,1,694,rv:694,0.722294,0.747240,0.024945
rv_confirm2,G,rv,0,695,rv:695,0.649065,0.657950,0.008885
rv_confirm2,G,rv,1,695,rv:695,0.819472,0.852199,0.032727
rv_confirm2,G,rv,0,696,rv:696,0.272594,0.273488,0.000893
rv_confirm2,G,rv,1,696,rv:696,0.740866,0.809274,0.068408
rv_confirm2,G,rv,0,697,rv:697,0.554310,0.568366,0.014056
rv_confirm2,G,rv,1,697,rv:697,0.898132,0.903575,0.005443
rv_confirm2,G,rv,0,698,rv:698,0.773261,0.773280,0.000019
rv_confirm2,G,rv,1,698,rv:698,0.747313,0.747397,0.000084
rv_confirm2,G,rv,0,699,rv:699,0.858253,0.858936,0.000683
rv_confirm2,G,rv,1,699,rv:699,0.765117,0.786063,0.020946
rv_confirm2,G,rv,0,700,rv:700,0.889880,0.889880,0.000000
rv_confirm2,G,rv,1,700,rv:700,0.848688,0.848688,0.000000
rv_confirm2,V,rv,0,601,rv:601,0.765986,0.851448,0.085462
rv_confirm2,V,rv,1,601,rv:601,0.652119,0.854531,0.202412
rv_confirm2,V,rv,0,602,rv:602,0.583787,0.633866,0.050079
rv_confirm2,V,rv,1,602,rv:602,0.810096,0.841363,0.031267
rv_confirm2,V,rv,0,603,rv:603,0.471524,0.432118,-0.039406
rv_confirm2,V,rv,1,603,rv:603,0.821872,0.774539,-0.047334
rv_confirm2,V,rv,0,604,rv:604,0.668430,0.671984,0.003555
rv_confirm2,V,rv,1,604,rv:604,0.717329,0.790766,0.073437
rv_confirm2,V,rv,0,605,rv:605,0.728503,0.768014,0.039511
rv_confirm2,V,rv,1,605,rv:605,0.755523,0.827996,0.072473
rv_confirm2,V,rv,0,606,rv:606,0.125479,0.717290,0.591811
rv_confirm2,V,rv,1,606,rv:606,0.750964,0.851841,0.100876
rv_confirm2,V,rv,0,607,rv:607,0.261197,0.380590,0.119393
rv_confirm2,V,rv,1,607,rv:607,0.919705,0.894378,-0.025328
rv_confirm2,V,rv,0,608,rv:608,0.351369,0.555823,0.204454
rv_confirm2,V,rv,1,608,rv:608,0.736643,0.794618,0.057974
rv_confirm2,V,rv,0,609,rv:609,0.730764,0.724328,-0.006435
rv_confirm2,V,rv,1,609,rv:609,0.819609,0.820640,0.001031
rv_confirm2,V,rv,0,610,rv:610,0.750322,0.649554,-0.100768
rv_confirm2,V,rv,1,610,rv:610,0.793703,0.814253,0.020550
rv_confirm2,V,rv,0,611,rv:611,0.601896,0.716379,0.114483
rv_confirm2,V,rv,1,611,rv:611,0.678513,0.725710,0.047197
rv_confirm2,V,rv,0,612,rv:612,0.646846,0.445914,-0.200932
rv_confirm2,V,rv,1,612,rv:612,0.750381,0.769561,0.019179
rv_confirm2,V,rv,0,613,rv:613,0.389557,0.385408,-0.004148
rv_confirm2,V,rv,1,613,rv:613,0.870717,0.846492,-0.024225
rv_confirm2,V,rv,0,614,rv:614,0.480819,0.272561,-0.208258
rv_confirm2,V,rv,1,614,rv:614,0.900689,0.909117,0.008427
rv_confirm2,V,rv,0,615,rv:615,0.552561,0.552933,0.000372
rv_confirm2,V,rv,1,615,rv:615,0.778885,0.778080,-0.000804
rv_confirm2,V,rv,0,616,rv:616,0.513028,0.548717,0.035689
rv_confirm2,V,rv,1,616,rv:616,0.927843,0.829937,-0.097906
rv_confirm2,V,rv,0,617,rv:617,0.741217,0.740738,-0.000479
rv_confirm2,V,rv,1,617,rv:617,0.785508,0.785512,0.000004
rv_confirm2,V,rv,0,618,rv:618,0.128231,0.593384,0.465153
rv_confirm2,V,rv,1,618,rv:618,0.731475,0.586295,-0.145179
rv_confirm2,V,rv,0,619,rv:619,0.080837,0.079053,-0.001784
rv_confirm2,V,rv,1,619,rv:619,0.643530,0.639389,-0.004141
rv_confirm2,V,rv,0,620,rv:620,0.350255,0.360005,0.009750
rv_confirm2,V,rv,1,620,rv:620,0.893313,0.898868,0.005555
rv_confirm2,V,rv,0,621,rv:621,0.885162,0.865573,-0.019589
rv_confirm2,V,rv,1,621,rv:621,0.814600,0.809669,-0.004931
rv_confirm2,V,rv,0,622,rv:622,0.853976,0.833861,-0.020115
rv_confirm2,V,rv,1,622,rv:622,0.864579,0.852591,-0.011988
rv_confirm2,V,rv,0,623,rv:623,0.408248,0.424327,0.016079
rv_confirm2,V,rv,1,623,rv:623,0.868511,0.889470,0.020959
rv_confirm2,V,rv,0,624,rv:624,0.769798,0.753823,-0.015975
rv_confirm2,V,rv,1,624,rv:624,0.824619,0.837098,0.012479
rv_confirm2,V,rv,0,625,rv:625,0.599467,0.332555,-0.266912
rv_confirm2,V,rv,1,625,rv:625,0.907519,0.908322,0.000803
rv_confirm2,V,rv,0,626,rv:626,0.619888,0.194578,-0.425310
rv_confirm2,V,rv,1,626,rv:626,0.800964,0.501856,-0.299108
rv_confirm2,V,rv,0,627,rv:627,0.498704,0.463837,-0.034866
rv_confirm2,V,rv,1,627,rv:627,0.727311,0.726323,-0.000988
rv_confirm2,V,rv,0,628,rv:628,0.454868,0.428614,-0.026254
rv_confirm2,V,rv,1,628,rv:628,0.824414,0.826646,0.002233
rv_confirm2,V,rv,0,629,rv:629,0.771269,0.650762,-0.120507
rv_confirm2,V,rv,1,629,rv:629,0.668092,0.821121,0.153029
rv_confirm2,V,rv,0,630,rv:630,0.713026,0.783362,0.070336
rv_confirm2,V,rv,1,630,rv:630,0.852696,0.852776,0.000079
rv_confirm2,V,rv,0,631,rv:631,0.731451,0.745942,0.014490
rv_confirm2,V,rv,1,631,rv:631,0.729615,0.881504,0.151889
rv_confirm2,V,rv,0,632,rv:632,0.686855,0.679084,-0.007771
rv_confirm2,V,rv,1,632,rv:632,0.850047,0.637960,-0.212087
rv_confirm2,V,rv,0,633,rv:633,0.576098,0.615726,0.039628
rv_confirm2,V,rv,1,633,rv:633,0.883149,0.846076,-0.037072
rv_confirm2,V,rv,0,634,rv:634,0.833972,0.837724,0.003753
rv_confirm2,V,rv,1,634,rv:634,0.797224,0.801379,0.004155
rv_confirm2,V,rv,0,635,rv:635,0.396370,0.430668,0.034298
rv_confirm2,V,rv,1,635,rv:635,0.720861,0.795726,0.074865
rv_confirm2,V,rv,0,636,rv:636,0.890568,0.890568,0.000000
rv_confirm2,V,rv,1,636,rv:636,0.543691,0.543691,0.000000
rv_confirm2,V,rv,0,637,rv:637,0.505384,0.483482,-0.021902
rv_confirm2,V,rv,1,637,rv:637,0.721974,0.733730,0.011755
rv_confirm2,V,rv,0,638,rv:638,0.124122,0.130283,0.006160
rv_confirm2,V,rv,1,638,rv:638,0.252202,0.330761,0.078558
rv_confirm2,V,rv,0,639,rv:639,0.657210,0.818231,0.161021
rv_confirm2,V,rv,1,639,rv:639,0.719848,0.829464,0.109616
rv_confirm2,V,rv,0,640,rv:640,0.648593,0.633808,-0.014785
rv_confirm2,V,rv,1,640,rv:640,0.773045,0.769209,-0.003836
rv_confirm2,V,rv,0,641,rv:641,0.371049,0.518412,0.147364
rv_confirm2,V,rv,1,641,rv:641,0.774169,0.780179,0.006010
rv_confirm2,V,rv,0,642,rv:642,0.851585,0.841968,-0.009616
rv_confirm2,V,rv,1,642,rv:642,0.697597,0.703513,0.005916
rv_confirm2,V,rv,0,643,rv:643,0.857133,0.828592,-0.028540
rv_confirm2,V,rv,1,643,rv:643,0.609859,0.646957,0.037098
rv_confirm2,V,rv,0,644,rv:644,0.430324,0.455860,0.025536
rv_confirm2,V,rv,1,644,rv:644,0.794375,0.795936,0.001560
rv_confirm2,V,rv,0,645,rv:645,0.462888,0.471168,0.008280
rv_confirm2,V,rv,1,645,rv:645,0.679461,0.720438,0.040977
rv_confirm2,V,rv,0,646,rv:646,0.940757,0.935727,-0.005030
rv_confirm2,V,rv,1,646,rv:646,0.873270,0.873940,0.000670
rv_confirm2,V,rv,0,647,rv:647,0.502937,0.680040,0.177103
rv_confirm2,V,rv,1,647,rv:647,0.831353,0.809455,-0.021899
rv_confirm2,V,rv,0,648,rv:648,0.260528,0.296465,0.035937
rv_confirm2,V,rv,1,648,rv:648,0.758899,0.819524,0.060625
rv_confirm2,V,rv,0,649,rv:649,0.772918,0.762247,-0.010671
rv_confirm2,V,rv,1,649,rv:649,0.899757,0.827220,-0.072537
rv_confirm2,V,rv,0,650,rv:650,0.247921,0.125808,-0.122113
rv_confirm2,V,rv,1,650,rv:650,0.638143,0.714207,0.076065
rv_confirm2,V,rv,0,651,rv:651,0.368943,0.544949,0.176006
rv_confirm2,V,rv,1,651,rv:651,0.708015,0.744490,0.036475
rv_confirm2,V,rv,0,652,rv:652,0.385187,0.460003,0.074816
rv_confirm2,V,rv,1,652,rv:652,0.809589,0.795141,-0.014448
rv_confirm2,V,rv,0,653,rv:653,0.213677,0.338194,0.124517
rv_confirm2,V,rv,1,653,rv:653,0.886002,0.693996,-0.192006
rv_confirm2,V,rv,0,654,rv:654,0.465907,0.338671,-0.127236
rv_confirm2,V,rv,1,654,rv:654,0.862094,0.810247,-0.051847
rv_confirm2,V,rv,0,655,rv:655,0.591595,0.582178,-0.009417
rv_confirm2,V,rv,1,655,rv:655,0.781357,0.808590,0.027233
rv_confirm2,V,rv,0,656,rv:656,0.721601,0.729908,0.008307
rv_confirm2,V,rv,1,656,rv:656,0.700920,0.687304,-0.013616
rv_confirm2,V,rv,0,657,rv:657,0.506320,0.526209,0.019888
rv_confirm2,V,rv,1,657,rv:657,0.818016,0.820273,0.002258
rv_confirm2,V,rv,0,658,rv:658,0.838148,0.816585,-0.021563
rv_confirm2,V,rv,1,658,rv:658,0.679864,0.689107,0.009243
rv_confirm2,V,rv,0,659,rv:659,0.637829,0.637829,0.000000
rv_confirm2,V,rv,1,659,rv:659,0.804995,0.804995,0.000000
rv_confirm2,V,rv,0,660,rv:660,0.823462,0.856755,0.033293
rv_confirm2,V,rv,1,660,rv:660,0.644789,0.866333,0.221544
rv_confirm2,V,rv,0,661,rv:661,0.261896,0.638196,0.376300
rv_confirm2,V,rv,1,661,rv:661,0.849038,0.827791,-0.021247
rv_confirm2,V,rv,0,662,rv:662,0.533040,0.593579,0.060539
rv_confirm2,V,rv,1,662,rv:662,0.692934,0.701480,0.008546
rv_confirm2,V,rv,0,663,rv:663,0.388053,0.388053,0.000000
rv_confirm2,V,rv,1,663,rv:663,0.744048,0.744048,0.000000
rv_confirm2,V,rv,0,664,rv:664,0.522611,0.516856,-0.005754
rv_confirm2,V,rv,1,664,rv:664,0.716835,0.707628,-0.009207
rv_confirm2,V,rv,0,665,rv:665,0.603209,0.353353,-0.249855
rv_confirm2,V,rv,1,665,rv:665,0.848379,0.889673,0.041293
rv_confirm2,V,rv,0,666,rv:666,0.571262,0.536974,-0.034288
rv_confirm2,V,rv,1,666,rv:666,0.922904,0.751796,-0.171107
rv_confirm2,V,rv,0,667,rv:667,0.793946,0.807972,0.014026
rv_confirm2,V,rv,1,667,rv:667,0.819889,0.635249,-0.184640
rv_confirm2,V,rv,0,668,rv:668,0.401599,0.522954,0.121355
rv_confirm2,V,rv,1,668,rv:668,0.698874,0.716202,0.017328
rv_confirm2,V,rv,0,669,rv:669,0.800439,0.836595,0.036155
rv_confirm2,V,rv,1,669,rv:669,0.784809,0.809956,0.025147
rv_confirm2,V,rv,0,670,rv:670,0.363210,0.507614,0.144404
rv_confirm2,V,rv,1,670,rv:670,0.789420,0.788803,-0.000616
rv_confirm2,V,rv,0,671,rv:671,0.792148,0.777260,-0.014887
rv_confirm2,V,rv,1,671,rv:671,0.667747,0.687164,0.019417
rv_confirm2,V,rv,0,672,rv:672,0.610483,0.616133,0.005649
rv_confirm2,V,rv,1,672,rv:672,0.759188,0.844693,0.085505
rv_confirm2,V,rv,0,673,rv:673,0.321493,0.246749,-0.074745
rv_confirm2,V,rv,1,673,rv:673,0.803235,0.858627,0.055392
rv_confirm2,V,rv,0,674,rv:674,0.640525,0.573665,-0.066860
rv_confirm2,V,rv,1,674,rv:674,0.880145,0.923466,0.043321
rv_confirm2,V,rv,0,675,rv:675,0.785154,0.782906,-0.002247
rv_confirm2,V,rv,1,675,rv:675,0.640178,0.642472,0.002294
rv_confirm2,V,rv,0,676,rv:676,0.823891,0.776649,-0.047242
rv_confirm2,V,rv,1,676,rv:676,0.724264,0.752438,0.028174
rv_confirm2,V,rv,0,677,rv:677,0.260864,0.747506,0.486642
rv_confirm2,V,rv,1,677,rv:677,0.861534,0.853171,-0.008362
rv_confirm2,V,rv,0,678,rv:678,0.590389,0.578006,-0.012383
rv_confirm2,V,rv,1,678,rv:678,0.831665,0.825866,-0.005799
rv_confirm2,V,rv,0,679,rv:679,0.644622,0.688234,0.043612
rv_confirm2,V,rv,1,679,rv:679,0.722778,0.766658,0.043881
rv_confirm2,V,rv,0,680,rv:680,0.261008,0.272225,0.011217
rv_confirm2,V,rv,1,680,rv:680,0.876043,0.898796,0.022753
rv_confirm2,V,rv,0,681,rv:681,0.430179,0.426493,-0.003685
rv_confirm2,V,rv,1,681,rv:681,0.695933,0.782289,0.086356
rv_confirm2,V,rv,0,682,rv:682,0.520243,0.603811,0.083568
rv_confirm2,V,rv,1,682,rv:682,0.783933,0.748097,-0.035836
rv_confirm2,V,rv,0,683,rv:683,0.845075,0.850307,0.005231
rv_confirm2,V,rv,1,683,rv:683,0.815865,0.815334,-0.000532
rv_confirm2,V,rv,0,684,rv:684,0.506466,0.371610,-0.134856
rv_confirm2,V,rv,1,684,rv:684,0.778018,0.779715,0.001697
rv_confirm2,V,rv,0,685,rv:685,0.851511,0.772253,-0.079258
rv_confirm2,V,rv,1,685,rv:685,0.809600,0.804782,-0.004818
rv_confirm2,V,rv,0,686,rv:686,0.273197,0.538578,0.265381
rv_confirm2,V,rv,1,686,rv:686,0.764427,0.834817,0.070390
rv_confirm2,V,rv,0,687,rv:687,0.490982,0.449442,-0.041540
rv_confirm2,V,rv,1,687,rv:687,0.856631,0.810665,-0.045965
rv_confirm2,V,rv,0,688,rv:688,0.433023,0.509255,0.076232
rv_confirm2,V,rv,1,688,rv:688,0.783048,0.806002,0.022954
rv_confirm2,V,rv,0,689,rv:689,0.806996,0.803760,-0.003236
rv_confirm2,V,rv,1,689,rv:689,0.799323,0.883535,0.084212
rv_confirm2,V,rv,0,690,rv:690,0.742504,0.679231,-0.063273
rv_confirm2,V,rv,1,690,rv:690,0.917142,0.907739,-0.009403
rv_confirm2,V,rv,0,691,rv:691,0.525909,0.589153,0.063243
rv_confirm2,V,rv,1,691,rv:691,0.848946,0.887699,0.038753
rv_confirm2,V,rv,0,692,rv:692,0.512152,0.542905,0.030753
rv_confirm2,V,rv,1,692,rv:692,0.540062,0.819566,0.279505
rv_confirm2,V,rv,0,693,rv:693,0.861662,0.854457,-0.007205
rv_confirm2,V,rv,1,693,rv:693,0.822264,0.865605,0.043341
rv_confirm2,V,rv,0,694,rv:694,0.482883,0.338570,-0.144314
rv_confirm2,V,rv,1,694,rv:694,0.722294,0.768624,0.046330
rv_confirm2,V,rv,0,695,rv:695,0.649065,0.394036,-0.255029
rv_confirm2,V,rv,1,695,rv:695,0.819472,0.822234,0.002763
rv_confirm2,V,rv,0,696,rv:696,0.272594,0.512878,0.240283
rv_confirm2,V,rv,1,696,rv:696,0.740866,0.808593,0.067727
rv_confirm2,V,rv,0,697,rv:697,0.554310,0.604892,0.050582
rv_confirm2,V,rv,1,697,rv:697,0.898132,0.831529,-0.066603
rv_confirm2,V,rv,0,698,rv:698,0.773261,0.773280,0.000019
rv_confirm2,V,rv,1,698,rv:698,0.747313,0.746656,-0.000657
rv_confirm2,V,rv,0,699,rv:699,0.858253,0.835131,-0.023122
rv_confirm2,V,rv,1,699,rv:699,0.765117,0.743083,-0.022033
rv_confirm2,V,rv,0,700,rv:700,0.889880,0.889880,0.000000
rv_confirm2,V,rv,1,700,rv:700,0.848688,0.848688,0.000000
rv_confirm2,VQ,rv,0,601,rv:601,0.765986,0.863145,0.097159
rv_confirm2,VQ,rv,1,601,rv:601,0.652119,0.847031,0.194912
rv_confirm2,VQ,rv,0,602,rv:602,0.583787,0.604644,0.020857
rv_confirm2,VQ,rv,1,602,rv:602,0.810096,0.842513,0.032417
rv_confirm2,VQ,rv,0,603,rv:603,0.471524,0.465947,-0.005577
rv_confirm2,VQ,rv,1,603,rv:603,0.821872,0.690440,-0.131432
rv_confirm2,VQ,rv,0,604,rv:604,0.668430,0.667743,-0.000687
rv_confirm2,VQ,rv,1,604,rv:604,0.717329,0.724891,0.007561
rv_confirm2,VQ,rv,0,605,rv:605,0.728503,0.773556,0.045052
rv_confirm2,VQ,rv,1,605,rv:605,0.755523,0.848747,0.093224
rv_confirm2,VQ,rv,0,606,rv:606,0.125479,0.676480,0.551000
rv_confirm2,VQ,rv,1,606,rv:606,0.750964,0.865798,0.114834
rv_confirm2,VQ,rv,0,607,rv:607,0.261197,0.384300,0.123104
rv_confirm2,VQ,rv,1,607,rv:607,0.919705,0.925825,0.006120
rv_confirm2,VQ,rv,0,608,rv:608,0.351369,0.535837,0.184468
rv_confirm2,VQ,rv,1,608,rv:608,0.736643,0.794416,0.057773
rv_confirm2,VQ,rv,0,609,rv:609,0.730764,0.771638,0.040874
rv_confirm2,VQ,rv,1,609,rv:609,0.819609,0.824350,0.004740
rv_confirm2,VQ,rv,0,610,rv:610,0.750322,0.772111,0.021789
rv_confirm2,VQ,rv,1,610,rv:610,0.793703,0.852107,0.058404
rv_confirm2,VQ,rv,0,611,rv:611,0.601896,0.677246,0.075350
rv_confirm2,VQ,rv,1,611,rv:611,0.678513,0.698741,0.020228
rv_confirm2,VQ,rv,0,612,rv:612,0.646846,0.500267,-0.146579
rv_confirm2,VQ,rv,1,612,rv:612,0.750381,0.760535,0.010154
rv_confirm2,VQ,rv,0,613,rv:613,0.389557,0.393294,0.003738
rv_confirm2,VQ,rv,1,613,rv:613,0.870717,0.867045,-0.003672
rv_confirm2,VQ,rv,0,614,rv:614,0.480819,0.288200,-0.192618
rv_confirm2,VQ,rv,1,614,rv:614,0.900689,0.916626,0.015936
rv_confirm2,VQ,rv,0,615,rv:615,0.552561,0.553818,0.001257
rv_confirm2,VQ,rv,1,615,rv:615,0.778885,0.778167,-0.000718
rv_confirm2,VQ,rv,0,616,rv:616,0.513028,0.498509,-0.014519
rv_confirm2,VQ,rv,1,616,rv:616,0.927843,0.880374,-0.047469
rv_confirm2,VQ,rv,0,617,rv:617,0.741217,0.740621,-0.000596
rv_confirm2,VQ,rv,1,617,rv:617,0.785508,0.785536,0.000028
rv_confirm2,VQ,rv,0,618,rv:618,0.128231,0.296899,0.168668
rv_confirm2,VQ,rv,1,618,rv:618,0.731475,0.641421,-0.090053
rv_confirm2,VQ,rv,0,619,rv:619,0.080837,0.079053,-0.001784
rv_confirm2,VQ,rv,1,619,rv:619,0.643530,0.650311,0.006781
rv_confirm2,VQ,rv,0,620,rv:620,0.350255,0.414033,0.063778
rv_confirm2,VQ,rv,1,620,rv:620,0.893313,0.864015,-0.029298
rv_confirm2,VQ,rv,0,621,rv:621,0.885162,0.876774,-0.008388
rv_confirm2,VQ,rv,1,621,rv:621,0.814600,0.803219,-0.011381
rv_confirm2,VQ,rv,0,622,rv:622,0.853976,0.829219,-0.024758
rv_confirm2,VQ,rv,1,622,rv:622,0.864579,0.852815,-0.011764
rv_confirm2,VQ,rv,0,623,rv:623,0.408248,0.459049,0.050801
rv_confirm2,VQ,rv,1,623,rv:623,0.868511,0.889207,0.020696
rv_confirm2,VQ,rv,0,624,rv:624,0.769798,0.747162,-0.022636
rv_confirm2,VQ,rv,1,624,rv:624,0.824619,0.851486,0.026867
rv_confirm2,VQ,rv,0,625,rv:625,0.599467,0.502447,-0.097020
rv_confirm2,VQ,rv,1,625,rv:625,0.907519,0.907730,0.000211
rv_confirm2,VQ,rv,0,626,rv:626,0.619888,0.446247,-0.173641
rv_confirm2,VQ,rv,1,626,rv:626,0.800964,0.595655,-0.205308
rv_confirm2,VQ,rv,0,627,rv:627,0.498704,0.421291,-0.077412
rv_confirm2,VQ,rv,1,627,rv:627,0.727311,0.725822,-0.001489
rv_confirm2,VQ,rv,0,628,rv:628,0.454868,0.432001,-0.022867
rv_confirm2,VQ,rv,1,628,rv:628,0.824414,0.867300,0.042886
rv_confirm2,VQ,rv,0,629,rv:629,0.771269,0.665327,-0.105943
rv_confirm2,VQ,rv,1,629,rv:629,0.668092,0.865103,0.197011
rv_confirm2,VQ,rv,0,630,rv:630,0.713026,0.798517,0.085491
rv_confirm2,VQ,rv,1,630,rv:630,0.852696,0.859247,0.006551
rv_confirm2,VQ,rv,0,631,rv:631,0.731451,0.740261,0.008810
rv_confirm2,VQ,rv,1,631,rv:631,0.729615,0.883358,0.153743
rv_confirm2,VQ,rv,0,632,rv:632,0.686855,0.663020,-0.023835
rv_confirm2,VQ,rv,1,632,rv:632,0.850047,0.680712,-0.169335
rv_confirm2,VQ,rv,0,633,rv:633,0.576098,0.595344,0.019246
rv_confirm2,VQ,rv,1,633,rv:633,0.883149,0.839730,-0.043418
rv_confirm2,VQ,rv,0,634,rv:634,0.833972,0.831349,-0.002623
rv_confirm2,VQ,rv,1,634,rv:634,0.797224,0.801210,0.003986
rv_confirm2,VQ,rv,0,635,rv:635,0.396370,0.430243,0.033873
rv_confirm2,VQ,rv,1,635,rv:635,0.720861,0.809272,0.088411
rv_confirm2,VQ,rv,0,636,rv:636,0.890568,0.890568,0.000000
rv_confirm2,VQ,rv,1,636,rv:636,0.543691,0.543691,0.000000
rv_confirm2,VQ,rv,0,637,rv:637,0.505384,0.495823,-0.009561
rv_confirm2,VQ,rv,1,637,rv:637,0.721974,0.772386,0.050412
rv_confirm2,VQ,rv,0,638,rv:638,0.124122,0.145777,0.021655
rv_confirm2,VQ,rv,1,638,rv:638,0.252202,0.318656,0.066454
rv_confirm2,VQ,rv,0,639,rv:639,0.657210,0.826987,0.169778
rv_confirm2,VQ,rv,1,639,rv:639,0.719848,0.797249,0.077401
rv_confirm2,VQ,rv,0,640,rv:640,0.648593,0.649305,0.000712
rv_confirm2,VQ,rv,1,640,rv:640,0.773045,0.769409,-0.003636
rv_confirm2,VQ,rv,0,641,rv:641,0.371049,0.537557,0.166509
rv_confirm2,VQ,rv,1,641,rv:641,0.774169,0.765765,-0.008403
rv_confirm2,VQ,rv,0,642,rv:642,0.851585,0.832080,-0.019505
rv_confirm2,VQ,rv,1,642,rv:642,0.697597,0.701539,0.003942
rv_confirm2,VQ,rv,0,643,rv:643,0.857133,0.835509,-0.021624
rv_confirm2,VQ,rv,1,643,rv:643,0.609859,0.673880,0.064022
rv_confirm2,VQ,rv,0,644,rv:644,0.430324,0.455247,0.024923
rv_confirm2,VQ,rv,1,644,rv:644,0.794375,0.801195,0.006820
rv_confirm2,VQ,rv,0,645,rv:645,0.462888,0.495033,0.032144
rv_confirm2,VQ,rv,1,645,rv:645,0.679461,0.710793,0.031332
rv_confirm2,VQ,rv,0,646,rv:646,0.940757,0.896320,-0.044437
rv_confirm2,VQ,rv,1,646,rv:646,0.873270,0.874849,0.001579
rv_confirm2,VQ,rv,0,647,rv:647,0.502937,0.686577,0.183640
rv_confirm2,VQ,rv,1,647,rv:647,0.831353,0.799318,-0.032035
rv_confirm2,VQ,rv,0,648,rv:648,0.260528,0.264102,0.003574
rv_confirm2,VQ,rv,1,648,rv:648,0.758899,0.820481,0.061582
rv_confirm2,VQ,rv,0,649,rv:649,0.772918,0.707825,-0.065093
rv_confirm2,VQ,rv,1,649,rv:649,0.899757,0.914382,0.014625
rv_confirm2,VQ,rv,0,650,rv:650,0.247921,0.171274,-0.076648
rv_confirm2,VQ,rv,1,650,rv:650,0.638143,0.734064,0.095922
rv_confirm2,VQ,rv,0,651,rv:651,0.368943,0.522805,0.153861
rv_confirm2,VQ,rv,1,651,rv:651,0.708015,0.733049,0.025034
rv_confirm2,VQ,rv,0,652,rv:652,0.385187,0.454561,0.069374
rv_confirm2,VQ,rv,1,652,rv:652,0.809589,0.798310,-0.011279
rv_confirm2,VQ,rv,0,653,rv:653,0.213677,0.344776,0.131099
rv_confirm2,VQ,rv,1,653,rv:653,0.886002,0.726768,-0.159233
rv_confirm2,VQ,rv,0,654,rv:654,0.465907,0.249359,-0.216548
rv_confirm2,VQ,rv,1,654,rv:654,0.862094,0.858028,-0.004066
rv_confirm2,VQ,rv,0,655,rv:655,0.591595,0.616631,0.025036
rv_confirm2,VQ,rv,1,655,rv:655,0.781357,0.817219,0.035862
rv_confirm2,VQ,rv,0,656,rv:656,0.721601,0.730113,0.008512
rv_confirm2,VQ,rv,1,656,rv:656,0.700920,0.697257,-0.003663
rv_confirm2,VQ,rv,0,657,rv:657,0.506320,0.564611,0.058291
rv_confirm2,VQ,rv,1,657,rv:657,0.818016,0.822427,0.004411
rv_confirm2,VQ,rv,0,658,rv:658,0.838148,0.839940,0.001792
rv_confirm2,VQ,rv,1,658,rv:658,0.679864,0.677944,-0.001919
rv_confirm2,VQ,rv,0,659,rv:659,0.637829,0.637829,0.000000
rv_confirm2,VQ,rv,1,659,rv:659,0.804995,0.804995,0.000000
rv_confirm2,VQ,rv,0,660,rv:660,0.823462,0.865241,0.041778
rv_confirm2,VQ,rv,1,660,rv:660,0.644789,0.858682,0.213893
rv_confirm2,VQ,rv,0,661,rv:661,0.261896,0.536516,0.274620
rv_confirm2,VQ,rv,1,661,rv:661,0.849038,0.851138,0.002099
rv_confirm2,VQ,rv,0,662,rv:662,0.533040,0.587784,0.054743
rv_confirm2,VQ,rv,1,662,rv:662,0.692934,0.656614,-0.036319
rv_confirm2,VQ,rv,0,663,rv:663,0.388053,0.388053,0.000000
rv_confirm2,VQ,rv,1,663,rv:663,0.744048,0.744048,0.000000
rv_confirm2,VQ,rv,0,664,rv:664,0.522611,0.514011,-0.008599
rv_confirm2,VQ,rv,1,664,rv:664,0.716835,0.706080,-0.010755
rv_confirm2,VQ,rv,0,665,rv:665,0.603209,0.498386,-0.104822
rv_confirm2,VQ,rv,1,665,rv:665,0.848379,0.877817,0.029437
rv_confirm2,VQ,rv,0,666,rv:666,0.571262,0.555842,-0.015420
rv_confirm2,VQ,rv,1,666,rv:666,0.922904,0.780676,-0.142228
rv_confirm2,VQ,rv,0,667,rv:667,0.793946,0.805237,0.011291
rv_confirm2,VQ,rv,1,667,rv:667,0.819889,0.725622,-0.094267
rv_confirm2,VQ,rv,0,668,rv:668,0.401599,0.430836,0.029237
rv_confirm2,VQ,rv,1,668,rv:668,0.698874,0.732267,0.033393
rv_confirm2,VQ,rv,0,669,rv:669,0.800439,0.820339,0.019899
rv_confirm2,VQ,rv,1,669,rv:669,0.784809,0.805520,0.020711
rv_confirm2,VQ,rv,0,670,rv:670,0.363210,0.443231,0.080021
rv_confirm2,VQ,rv,1,670,rv:670,0.789420,0.790219,0.000799
rv_confirm2,VQ,rv,0,671,rv:671,0.792148,0.795281,0.003134
rv_confirm2,VQ,rv,1,671,rv:671,0.667747,0.719920,0.052172
rv_confirm2,VQ,rv,0,672,rv:672,0.610483,0.641372,0.030888
rv_confirm2,VQ,rv,1,672,rv:672,0.759188,0.845853,0.086665
rv_confirm2,VQ,rv,0,673,rv:673,0.321493,0.309619,-0.011874
rv_confirm2,VQ,rv,1,673,rv:673,0.803235,0.864995,0.061760
rv_confirm2,VQ,rv,0,674,rv:674,0.640525,0.641330,0.000805
rv_confirm2,VQ,rv,1,674,rv:674,0.880145,0.914513,0.034368
rv_confirm2,VQ,rv,0,675,rv:675,0.785154,0.783053,-0.002101
rv_confirm2,VQ,rv,1,675,rv:675,0.640178,0.643491,0.003313
rv_confirm2,VQ,rv,0,676,rv:676,0.823891,0.824324,0.000432
rv_confirm2,VQ,rv,1,676,rv:676,0.724264,0.771911,0.047646
rv_confirm2,VQ,rv,0,677,rv:677,0.260864,0.605959,0.345095
rv_confirm2,VQ,rv,1,677,rv:677,0.861534,0.839462,-0.022072
rv_confirm2,VQ,rv,0,678,rv:678,0.590389,0.592593,0.002205
rv_confirm2,VQ,rv,1,678,rv:678,0.831665,0.825482,-0.006183
rv_confirm2,VQ,rv,0,679,rv:679,0.644622,0.694827,0.050205
rv_confirm2,VQ,rv,1,679,rv:679,0.722778,0.764633,0.041855
rv_confirm2,VQ,rv,0,680,rv:680,0.261008,0.267728,0.006720
rv_confirm2,VQ,rv,1,680,rv:680,0.876043,0.897288,0.021244
rv_confirm2,VQ,rv,0,681,rv:681,0.430179,0.430697,0.000518
rv_confirm2,VQ,rv,1,681,rv:681,0.695933,0.789214,0.093281
rv_confirm2,VQ,rv,0,682,rv:682,0.520243,0.583203,0.062960
rv_confirm2,VQ,rv,1,682,rv:682,0.783933,0.804247,0.020314
rv_confirm2,VQ,rv,0,683,rv:683,0.845075,0.850354,0.005279
rv_confirm2,VQ,rv,1,683,rv:683,0.815865,0.816897,0.001032
rv_confirm2,VQ,rv,0,684,rv:684,0.506466,0.417988,-0.088478
rv_confirm2,VQ,rv,1,684,rv:684,0.778018,0.754822,-0.023196
rv_confirm2,VQ,rv,0,685,rv:685,0.851511,0.786203,-0.065308
rv_confirm2,VQ,rv,1,685,rv:685,0.809600,0.825707,0.016108
rv_confirm2,VQ,rv,0,686,rv:686,0.273197,0.531660,0.258463
rv_confirm2,VQ,rv,1,686,rv:686,0.764427,0.823032,0.058605
rv_confirm2,VQ,rv,0,687,rv:687,0.490982,0.455864,-0.035118
rv_confirm2,VQ,rv,1,687,rv:687,0.856631,0.828641,-0.027990
rv_confirm2,VQ,rv,0,688,rv:688,0.433023,0.472887,0.039863
rv_confirm2,VQ,rv,1,688,rv:688,0.783048,0.783072,0.000024
rv_confirm2,VQ,rv,0,689,rv:689,0.806996,0.837595,0.030599
rv_confirm2,VQ,rv,1,689,rv:689,0.799323,0.854648,0.055326
rv_confirm2,VQ,rv,0,690,rv:690,0.742504,0.706762,-0.035741
rv_confirm2,VQ,rv,1,690,rv:690,0.917142,0.912239,-0.004903
rv_confirm2,VQ,rv,0,691,rv:691,0.525909,0.667624,0.141714
rv_confirm2,VQ,rv,1,691,rv:691,0.848946,0.911193,0.062247
rv_confirm2,VQ,rv,0,692,rv:692,0.512152,0.521288,0.009135
rv_confirm2,VQ,rv,1,692,rv:692,0.540062,0.833726,0.293664
rv_confirm2,VQ,rv,0,693,rv:693,0.861662,0.779504,-0.082159
rv_confirm2,VQ,rv,1,693,rv:693,0.822264,0.851949,0.029684
rv_confirm2,VQ,rv,0,694,rv:694,0.482883,0.362579,-0.120304
rv_confirm2,VQ,rv,1,694,rv:694,0.722294,0.765635,0.043341
rv_confirm2,VQ,rv,0,695,rv:695,0.649065,0.442220,-0.206846
rv_confirm2,VQ,rv,1,695,rv:695,0.819472,0.822661,0.003189
rv_confirm2,VQ,rv,0,696,rv:696,0.272594,0.389920,0.117326
rv_confirm2,VQ,rv,1,696,rv:696,0.740866,0.835208,0.094342
rv_confirm2,VQ,rv,0,697,rv:697,0.554310,0.532593,-0.021716
rv_confirm2,VQ,rv,1,697,rv:697,0.898132,0.857667,-0.040465
rv_confirm2,VQ,rv,0,698,rv:698,0.773261,0.773280,0.000019
rv_confirm2,VQ,rv,1,698,rv:698,0.747313,0.746656,-0.000657
rv_confirm2,VQ,rv,0,699,rv:699,0.858253,0.837140,-0.021113
rv_confirm2,VQ,rv,1,699,rv:699,0.765117,0.742842,-0.022275
rv_confirm2,VQ,rv,0,700,rv:700,0.889880,0.889880,0.000000
rv_confirm2,VQ,rv,1,700,rv:700,0.848688,0.848688,0.000000
live_dev,G,live,0,video29,live:video29,0.742122,0.735241,-0.006881
live_dev,G,live,0,video42,live:video42,0.674809,0.664892,-0.009917
live_dev,G,live,0,video52,live:video52,0.360688,0.363081,0.002393
live_dev,G,live,0,video92,live:video92,0.424562,0.424650,0.000088
live_dev,G,live,0,video95,live:video95,0.476510,0.479442,0.002932
live_dev,G,live,0,video133,live:video133,0.319663,0.320780,0.001117
live_dev,G,live,0,video140,live:video140,0.720571,0.716733,-0.003837
live_dev,G,live,0,video176,live:video176,0.245208,0.245183,-0.000024
live_dev,G,live,0,video199,live:video199,0.690005,0.689176,-0.000829
live_dev,G,live,0,video201,live:video201,0.319790,0.323004,0.003215
live_dev,G,live,0,video228,live:video228,0.568863,0.634465,0.065603
live_dev,G,live,0,video244,live:video244,0.460748,0.483372,0.022624
live_dev,G,live,0,video245,live:video245,0.458468,0.458602,0.000134
live_dev,G,live,0,video247,live:video247,0.718616,0.710818,-0.007798
live_dev,G,live,0,video249,live:video249,0.537524,0.576908,0.039384
live_dev,G,live,0,video252,live:video252,0.558846,0.558846,0.000000
live_dev,G,live,0,video276,live:video276,0.565797,0.563640,-0.002157
live_dev,G,live,0,video311,live:video311,0.279662,0.290878,0.011216
live_dev,G,live,0,video316,live:video316,0.682546,0.684958,0.002413
live_dev,G,live,0,video323,live:video323,0.309271,0.308086,-0.001185
live_dev,G,live,0,video333,live:video333,0.631039,0.628373,-0.002665
live_dev,G,live,0,video371,live:video371,0.477247,0.476676,-0.000572
live_dev,G,live,0,video421,live:video421,0.462035,0.474789,0.012754
live_dev,G,live,0,video426,live:video426,0.277240,0.281118,0.003878
live_dev,G,live,0,video436,live:video436,0.423963,0.422554,-0.001409
live_dev,G,live,0,video437,live:video437,0.602508,0.590788,-0.011720
live_dev,G,live,0,video440,live:video440,0.579060,0.581680,0.002620
live_dev,G,live,0,video444,live:video444,0.294703,0.318350,0.023647
live_dev,G,live,0,video478,live:video478,0.617089,0.618720,0.001631
live_dev,G,live,0,video481,live:video481,0.454068,0.460174,0.006107
live_dev,G,live,0,video494,live:video494,0.796422,0.796422,0.000000
live_dev,G,live,0,video506,live:video506,0.348720,0.360109,0.011389
live_dev,G,live,0,video522,live:video522,0.753814,0.756738,0.002923
live_dev,G,live,0,video525,live:video525,0.539153,0.551698,0.012545
live_dev,G,live,0,video533,live:video533,0.469229,0.469651,0.000422
live_dev,G,live,0,video552,live:video552,0.463586,0.462265,-0.001321
live_dev,G,live,0,video556,live:video556,0.250234,0.250314,0.000080
live_dev,G,live,0,video558,live:video558,0.635446,0.632864,-0.002581
live_dev,G,live,0,video566,live:video566,0.446239,0.435288,-0.010951
live_dev,G,live,0,video569,live:video569,0.544428,0.544388,-0.000040
live_dev,G,live,0,video586,live:video586,0.610876,0.595203,-0.015674
live_dev,G,live,0,video603,live:video603,0.356779,0.365188,0.008408
live_dev,G,live,0,video620,live:video620,0.755476,0.755476,0.000000
live_dev,G,live,0,video630,live:video630,0.278044,0.277825,-0.000219
live_dev,G,live,0,video632,live:video632,0.741757,0.736078,-0.005678
live_dev,G,live,0,video666,live:video666,0.648287,0.648287,0.000000
live_dev,G,live,0,video690,live:video690,0.544100,0.543991,-0.000109
live_dev,G,live,0,video701,live:video701,0.444875,0.444757,-0.000118
live_dev,G,live,0,video705,live:video705,0.281766,0.289318,0.007552
live_dev,G,live,0,video707,live:video707,0.678851,0.685160,0.006309
live_dev,G,live,0,video723,live:video723,0.356337,0.356274,-0.000064
live_dev,G,live,0,video726,live:video726,0.345505,0.353232,0.007728
live_dev,G,live,0,video734,live:video734,0.256350,0.255385,-0.000965
live_dev,G,live,0,video755,live:video755,0.529613,0.530038,0.000424
live_dev,G,live,0,video770,live:video770,0.552603,0.560442,0.007839
live_dev,G,live,0,video775,live:video775,0.553678,0.552944,-0.000734
live_dev,G,live,0,video776,live:video776,0.382411,0.387521,0.005110
live_dev,G,live,0,video781,live:video781,0.486760,0.485427,-0.001333
live_dev,G,live,0,video793,live:video793,0.673545,0.673545,0.000000
live_dev,G,live,0,video815,live:video815,0.707165,0.701803,-0.005362
live_dev,G,live,0,video826,live:video826,0.513849,0.514073,0.000224
live_dev,G,live,0,video832,live:video832,0.265473,0.265473,0.000000
live_dev,G,live,0,video834,live:video834,0.442747,0.458208,0.015461
live_dev,G,live,0,video835,live:video835,0.741339,0.729256,-0.012083
live_dev,G,live,0,video885,live:video885,0.429392,0.427750,-0.001642
live_dev,G,live,0,video896,live:video896,0.521999,0.526735,0.004736
live_dev,G,live,0,video911,live:video911,0.389013,0.403964,0.014951
live_dev,G,live,0,video933,live:video933,0.533954,0.579802,0.045849
live_dev,G,live,0,video935,live:video935,0.473477,0.479364,0.005886
live_dev,G,live,0,video941,live:video941,0.709718,0.712633,0.002915
live_dev,G,live,0,video956,live:video956,0.623483,0.628016,0.004533
live_dev,G,live,0,video964,live:video964,0.510728,0.518321,0.007593
live_dev,G,live,0,video967,live:video967,0.240029,0.252929,0.012901
live_dev,G,live,0,video988,live:video988,0.773883,0.758905,-0.014978
live_dev,G,live,0,video991,live:video991,0.424990,0.413516,-0.011475
live_dev,G,live,0,video998,live:video998,0.435285,0.458657,0.023372
live_dev,G,live,0,video1006,live:video1006,0.553494,0.559212,0.005718
live_dev,G,live,0,video1008,live:video1008,0.360519,0.360486,-0.000033
live_dev,G,live,0,video1018,live:video1018,0.468104,0.462209,-0.005896
live_dev,G,live,0,video1045,live:video1045,0.400913,0.407901,0.006987
live_dev,G,live,0,video1052,live:video1052,0.328516,0.325948,-0.002568
live_dev,G,live,0,video1053,live:video1053,0.810359,0.806512,-0.003848
live_dev,G,live,0,video1055,live:video1055,0.474469,0.488883,0.014414
live_dev,G,live,0,video1062,live:video1062,0.333837,0.328892,-0.004944
live_dev,G,live,0,video1066,live:video1066,0.399301,0.433719,0.034417
live_dev,G,live,0,video1138,live:video1138,0.723109,0.722755,-0.000354
live_dev,G,live,0,video1145,live:video1145,0.822248,0.822248,0.000000
live_dev,G,live,0,video1146,live:video1146,0.671580,0.671580,0.000000
live_dev,G,live,0,video1161,live:video1161,0.622092,0.625024,0.002932
live_dev,G,live,0,video1179,live:video1179,0.701383,0.702022,0.000640
live_dev,G,live,0,video1192,live:video1192,0.344744,0.342562,-0.002182
live_dev,G,live,0,video1197,live:video1197,0.322861,0.328796,0.005935
live_dev,G,live,0,video1199,live:video1199,0.620110,0.632347,0.012237
live_dev,G,live,0,video1206,live:video1206,0.414178,0.420290,0.006112
live_dev,G,live,0,video1242,live:video1242,0.731006,0.725446,-0.005561
live_dev,G,live,0,video1262,live:video1262,0.567905,0.567905,0.000000
live_dev,G,live,0,video1265,live:video1265,0.626485,0.620475,-0.006010
live_dev,G,live,0,video1266,live:video1266,0.435842,0.459500,0.023658
live_dev,G,live,0,video1267,live:video1267,0.451300,0.440557,-0.010743
live_dev,G,live,0,video1268,live:video1268,0.301106,0.299333,-0.001772
live_dev,G,live,0,video1274,live:video1274,0.639990,0.656099,0.016109
live_dev,G,live,0,video1277,live:video1277,0.394356,0.398157,0.003801
live_dev,G,live,0,video1315,live:video1315,0.717544,0.732745,0.015201
live_dev,G,live,0,video1333,live:video1333,0.483503,0.592494,0.108991
live_dev,G,live,0,video1338,live:video1338,0.673625,0.671972,-0.001653
live_dev,G,live,0,video1350,live:video1350,0.508394,0.512229,0.003835
live_dev,G,live,0,video1355,live:video1355,0.485260,0.475812,-0.009448
live_dev,G,live,0,video1372,live:video1372,0.577761,0.595040,0.017278
live_dev,G,live,0,video1373,live:video1373,0.527843,0.529254,0.001411
live_dev,G,live,0,video1376,live:video1376,0.692453,0.684292,-0.008161
live_dev,G,live,0,video1391,live:video1391,0.432648,0.432648,0.000000
live_dev,G,live,0,video1410,live:video1410,0.243410,0.249258,0.005847
live_dev,G,live,0,video1427,live:video1427,0.522848,0.525192,0.002344
live_dev,G,live,0,video1442,live:video1442,0.456844,0.456844,0.000000
live_dev,G,live,0,video1449,live:video1449,0.633818,0.636620,0.002802
live_dev,G,live,0,video1460,live:video1460,0.541131,0.538015,-0.003116
live_dev,G,live,0,video1478,live:video1478,0.521455,0.524923,0.003467
live_dev,G,live,0,video1484,live:video1484,0.491344,0.495213,0.003869
live_dev,G,live,0,video1486,live:video1486,0.686510,0.715934,0.029424
live_dev,G,live,0,video1498,live:video1498,0.329777,0.336377,0.006601
live_dev,G,live,0,video1512,live:video1512,0.766389,0.765961,-0.000429
live_dev,G,live,0,video1531,live:video1531,0.561673,0.560600,-0.001074
live_dev,G,live,0,video1548,live:video1548,0.690127,0.684136,-0.005991
live_dev,G,live,0,video1549,live:video1549,0.510892,0.512871,0.001979
live_dev,G,live,0,video1550,live:video1550,0.739447,0.738597,-0.000849
live_dev,G,live,0,video1554,live:video1554,0.699403,0.702719,0.003316
live_dev,G,live,0,video1564,live:video1564,0.417405,0.417216,-0.000189
live_dev,G,live,0,video1567,live:video1567,0.723253,0.724366,0.001114
live_dev,G,live,0,video1583,live:video1583,0.548317,0.547136,-0.001180
live_dev,G,live,0,video1593,live:video1593,0.680855,0.679368,-0.001487
live_dev,G,live,0,video1600,live:video1600,0.592640,0.621286,0.028646
live_dev,G,live,0,video1607,live:video1607,0.591612,0.592741,0.001129
live_dev,G,live,0,video1611,live:video1611,0.562151,0.565372,0.003221
live_dev,G,live,0,video1618,live:video1618,0.372772,0.378933,0.006160
live_dev,G,live,0,video2583,live:video2583,0.664271,0.665938,0.001667
live_dev,G,live,0,video2586,live:video2586,0.533423,0.522923,-0.010501
live_dev,G,live,0,video2612,live:video2612,0.556729,0.559782,0.003052
live_dev,G,live,0,video2616,live:video2616,0.684856,0.699281,0.014425
live_dev,G,live,0,video2624,live:video2624,0.632298,0.632298,0.000000
live_dev,G,live,0,video2626,live:video2626,0.763589,0.765285,0.001696
live_dev,G,live,0,video2657,live:video2657,0.700044,0.700044,0.000000
live_dev,G,live,0,video2662,live:video2662,0.547211,0.544223,-0.002988
live_dev,G,live,0,video2695,live:video2695,0.663608,0.660575,-0.003033
live_dev,G,live,0,video2747,live:video2747,0.323750,0.323320,-0.000430
live_dev,G,live,0,video2770,live:video2770,0.465269,0.468383,0.003115
live_dev,G,live,0,video2771,live:video2771,0.490532,0.494826,0.004294
live_dev,G,live,0,video2783,live:video2783,0.284666,0.276228,-0.008438
live_dev,G,live,0,video2797,live:video2797,0.654448,0.665197,0.010749
live_dev,V,live,0,video29,live:video29,0.742122,0.732109,-0.010013
live_dev,V,live,0,video42,live:video42,0.674809,0.636623,-0.038185
live_dev,V,live,0,video52,live:video52,0.360688,0.279884,-0.080804
live_dev,V,live,0,video92,live:video92,0.424562,0.414659,-0.009902
live_dev,V,live,0,video95,live:video95,0.476510,0.510714,0.034204
live_dev,V,live,0,video133,live:video133,0.319663,0.372415,0.052753
live_dev,V,live,0,video140,live:video140,0.720571,0.626548,-0.094022
live_dev,V,live,0,video176,live:video176,0.245208,0.245232,0.000024
live_dev,V,live,0,video199,live:video199,0.690005,0.669607,-0.020397
live_dev,V,live,0,video201,live:video201,0.319790,0.405638,0.085849
live_dev,V,live,0,video228,live:video228,0.568863,0.638617,0.069755
live_dev,V,live,0,video244,live:video244,0.460748,0.537868,0.077119
live_dev,V,live,0,video245,live:video245,0.458468,0.337512,-0.120957
live_dev,V,live,0,video247,live:video247,0.718616,0.719355,0.000739
live_dev,V,live,0,video249,live:video249,0.537524,0.481817,-0.055708
live_dev,V,live,0,video252,live:video252,0.558846,0.558846,0.000000
live_dev,V,live,0,video276,live:video276,0.565797,0.516910,-0.048887
live_dev,V,live,0,video311,live:video311,0.279662,0.367430,0.087768
live_dev,V,live,0,video316,live:video316,0.682546,0.606904,-0.075642
live_dev,V,live,0,video323,live:video323,0.309271,0.260494,-0.048777
live_dev,V,live,0,video333,live:video333,0.631039,0.634420,0.003382
live_dev,V,live,0,video371,live:video371,0.477247,0.479566,0.002319
live_dev,V,live,0,video421,live:video421,0.462035,0.436767,-0.025268
live_dev,V,live,0,video426,live:video426,0.277240,0.375734,0.098494
live_dev,V,live,0,video436,live:video436,0.423963,0.449568,0.025606
live_dev,V,live,0,video437,live:video437,0.602508,0.610193,0.007685
live_dev,V,live,0,video440,live:video440,0.579060,0.541546,-0.037514
live_dev,V,live,0,video444,live:video444,0.294703,0.309734,0.015031
live_dev,V,live,0,video478,live:video478,0.617089,0.614832,-0.002257
live_dev,V,live,0,video481,live:video481,0.454068,0.397791,-0.056277
live_dev,V,live,0,video494,live:video494,0.796422,0.796422,0.000000
live_dev,V,live,0,video506,live:video506,0.348720,0.503540,0.154820
live_dev,V,live,0,video522,live:video522,0.753814,0.756738,0.002923
live_dev,V,live,0,video525,live:video525,0.539153,0.683642,0.144489
live_dev,V,live,0,video533,live:video533,0.469229,0.445290,-0.023939
live_dev,V,live,0,video552,live:video552,0.463586,0.517120,0.053534
live_dev,V,live,0,video556,live:video556,0.250234,0.250314,0.000080
live_dev,V,live,0,video558,live:video558,0.635446,0.620201,-0.015244
live_dev,V,live,0,video566,live:video566,0.446239,0.479912,0.033674
live_dev,V,live,0,video569,live:video569,0.544428,0.544388,-0.000040
live_dev,V,live,0,video586,live:video586,0.610876,0.606274,-0.004603
live_dev,V,live,0,video603,live:video603,0.356779,0.428704,0.071925
live_dev,V,live,0,video620,live:video620,0.755476,0.755476,0.000000
live_dev,V,live,0,video630,live:video630,0.278044,0.238005,-0.040039
live_dev,V,live,0,video632,live:video632,0.741757,0.753580,0.011823
live_dev,V,live,0,video666,live:video666,0.648287,0.648287,0.000000
live_dev,V,live,0,video690,live:video690,0.544100,0.553968,0.009868
live_dev,V,live,0,video701,live:video701,0.444875,0.503108,0.058233
live_dev,V,live,0,video705,live:video705,0.281766,0.365211,0.083445
live_dev,V,live,0,video707,live:video707,0.678851,0.675335,-0.003517
live_dev,V,live,0,video723,live:video723,0.356337,0.394347,0.038010
live_dev,V,live,0,video726,live:video726,0.345505,0.304683,-0.040822
live_dev,V,live,0,video734,live:video734,0.256350,0.288928,0.032578
live_dev,V,live,0,video755,live:video755,0.529613,0.540727,0.011114
live_dev,V,live,0,video770,live:video770,0.552603,0.508487,-0.044116
live_dev,V,live,0,video775,live:video775,0.553678,0.580567,0.026890
live_dev,V,live,0,video776,live:video776,0.382411,0.520821,0.138409
live_dev,V,live,0,video781,live:video781,0.486760,0.508868,0.022108
live_dev,V,live,0,video793,live:video793,0.673545,0.673545,0.000000
live_dev,V,live,0,video815,live:video815,0.707165,0.699961,-0.007205
live_dev,V,live,0,video826,live:video826,0.513849,0.514073,0.000224
live_dev,V,live,0,video832,live:video832,0.265473,0.265473,0.000000
live_dev,V,live,0,video834,live:video834,0.442747,0.552950,0.110202
live_dev,V,live,0,video835,live:video835,0.741339,0.563845,-0.177494
live_dev,V,live,0,video885,live:video885,0.429392,0.404368,-0.025023
live_dev,V,live,0,video896,live:video896,0.521999,0.583237,0.061238
live_dev,V,live,0,video911,live:video911,0.389013,0.447051,0.058038
live_dev,V,live,0,video933,live:video933,0.533954,0.622081,0.088127
live_dev,V,live,0,video935,live:video935,0.473477,0.524025,0.050547
live_dev,V,live,0,video941,live:video941,0.709718,0.586379,-0.123339
live_dev,V,live,0,video956,live:video956,0.623483,0.634038,0.010555
live_dev,V,live,0,video964,live:video964,0.510728,0.489307,-0.021422
live_dev,V,live,0,video967,live:video967,0.240029,0.329646,0.089618
live_dev,V,live,0,video988,live:video988,0.773883,0.787074,0.013191
live_dev,V,live,0,video991,live:video991,0.424990,0.629432,0.204441
live_dev,V,live,0,video998,live:video998,0.435285,0.487344,0.052059
live_dev,V,live,0,video1006,live:video1006,0.553494,0.560254,0.006760
live_dev,V,live,0,video1008,live:video1008,0.360519,0.382082,0.021564
live_dev,V,live,0,video1018,live:video1018,0.468104,0.446419,-0.021685
live_dev,V,live,0,video1045,live:video1045,0.400913,0.493705,0.092792
live_dev,V,live,0,video1052,live:video1052,0.328516,0.305859,-0.022657
live_dev,V,live,0,video1053,live:video1053,0.810359,0.832771,0.022411
live_dev,V,live,0,video1055,live:video1055,0.474469,0.422590,-0.051879
live_dev,V,live,0,video1062,live:video1062,0.333837,0.280365,-0.053472
live_dev,V,live,0,video1066,live:video1066,0.399301,0.538090,0.138788
live_dev,V,live,0,video1138,live:video1138,0.723109,0.729169,0.006060
live_dev,V,live,0,video1145,live:video1145,0.822248,0.822248,0.000000
live_dev,V,live,0,video1146,live:video1146,0.671580,0.671580,0.000000
live_dev,V,live,0,video1161,live:video1161,0.622092,0.631544,0.009452
live_dev,V,live,0,video1179,live:video1179,0.701383,0.700118,-0.001265
live_dev,V,live,0,video1192,live:video1192,0.344744,0.509213,0.164470
live_dev,V,live,0,video1197,live:video1197,0.322861,0.598289,0.275428
live_dev,V,live,0,video1199,live:video1199,0.620110,0.740688,0.120578
live_dev,V,live,0,video1206,live:video1206,0.414178,0.471931,0.057753
live_dev,V,live,0,video1242,live:video1242,0.731006,0.721954,-0.009052
live_dev,V,live,0,video1262,live:video1262,0.567905,0.567905,0.000000
live_dev,V,live,0,video1265,live:video1265,0.626485,0.636945,0.010460
live_dev,V,live,0,video1266,live:video1266,0.435842,0.614235,0.178393
live_dev,V,live,0,video1267,live:video1267,0.451300,0.427700,-0.023599
live_dev,V,live,0,video1268,live:video1268,0.301106,0.342181,0.041075
live_dev,V,live,0,video1274,live:video1274,0.639990,0.630495,-0.009495
live_dev,V,live,0,video1277,live:video1277,0.394356,0.441052,0.046696
live_dev,V,live,0,video1315,live:video1315,0.717544,0.711994,-0.005550
live_dev,V,live,0,video1333,live:video1333,0.483503,0.541422,0.057919
live_dev,V,live,0,video1338,live:video1338,0.673625,0.671972,-0.001653
live_dev,V,live,0,video1350,live:video1350,0.508394,0.512229,0.003835
live_dev,V,live,0,video1355,live:video1355,0.485260,0.691456,0.206196
live_dev,V,live,0,video1372,live:video1372,0.577761,0.720454,0.142693
live_dev,V,live,0,video1373,live:video1373,0.527843,0.520629,-0.007214
live_dev,V,live,0,video1376,live:video1376,0.692453,0.695460,0.003008
live_dev,V,live,0,video1391,live:video1391,0.432648,0.439026,0.006379
live_dev,V,live,0,video1410,live:video1410,0.243410,0.372384,0.128974
live_dev,V,live,0,video1427,live:video1427,0.522848,0.447635,-0.075213
live_dev,V,live,0,video1442,live:video1442,0.456844,0.456844,0.000000
live_dev,V,live,0,video1449,live:video1449,0.633818,0.604095,-0.029723
live_dev,V,live,0,video1460,live:video1460,0.541131,0.536474,-0.004657
live_dev,V,live,0,video1478,live:video1478,0.521455,0.529318,0.007862
live_dev,V,live,0,video1484,live:video1484,0.491344,0.482917,-0.008426
live_dev,V,live,0,video1486,live:video1486,0.686510,0.685425,-0.001086
live_dev,V,live,0,video1498,live:video1498,0.329777,0.479210,0.149433
live_dev,V,live,0,video1512,live:video1512,0.766389,0.765961,-0.000429
live_dev,V,live,0,video1531,live:video1531,0.561673,0.593403,0.031730
live_dev,V,live,0,video1548,live:video1548,0.690127,0.705818,0.015691
live_dev,V,live,0,video1549,live:video1549,0.510892,0.562460,0.051568
live_dev,V,live,0,video1550,live:video1550,0.739447,0.738597,-0.000849
live_dev,V,live,0,video1554,live:video1554,0.699403,0.697553,-0.001850
live_dev,V,live,0,video1564,live:video1564,0.417405,0.446651,0.029246
live_dev,V,live,0,video1567,live:video1567,0.723253,0.732991,0.009738
live_dev,V,live,0,video1583,live:video1583,0.548317,0.662629,0.114312
live_dev,V,live,0,video1593,live:video1593,0.680855,0.677451,-0.003404
live_dev,V,live,0,video1600,live:video1600,0.592640,0.667569,0.074929
live_dev,V,live,0,video1607,live:video1607,0.591612,0.517244,-0.074368
live_dev,V,live,0,video1611,live:video1611,0.562151,0.539961,-0.022190
live_dev,V,live,0,video1618,live:video1618,0.372772,0.391460,0.018688
live_dev,V,live,0,video2583,live:video2583,0.664271,0.647652,-0.016619
live_dev,V,live,0,video2586,live:video2586,0.533423,0.261835,-0.271588
live_dev,V,live,0,video2612,live:video2612,0.556729,0.522963,-0.033766
live_dev,V,live,0,video2616,live:video2616,0.684856,0.528021,-0.156835
live_dev,V,live,0,video2624,live:video2624,0.632298,0.632298,0.000000
live_dev,V,live,0,video2626,live:video2626,0.763589,0.765285,0.001696
live_dev,V,live,0,video2657,live:video2657,0.700044,0.700044,0.000000
live_dev,V,live,0,video2662,live:video2662,0.547211,0.460646,-0.086565
live_dev,V,live,0,video2695,live:video2695,0.663608,0.626132,-0.037476
live_dev,V,live,0,video2747,live:video2747,0.323750,0.376451,0.052701
live_dev,V,live,0,video2770,live:video2770,0.465269,0.387228,-0.078040
live_dev,V,live,0,video2771,live:video2771,0.490532,0.454690,-0.035842
live_dev,V,live,0,video2783,live:video2783,0.284666,0.178002,-0.106664
live_dev,V,live,0,video2797,live:video2797,0.654448,0.666943,0.012496
live_dev,VQ,live,0,video29,live:video29,0.742122,0.741814,-0.000309
live_dev,VQ,live,0,video42,live:video42,0.674809,0.680919,0.006110
live_dev,VQ,live,0,video52,live:video52,0.360688,0.314994,-0.045694
live_dev,VQ,live,0,video92,live:video92,0.424562,0.420482,-0.004080
live_dev,VQ,live,0,video95,live:video95,0.476510,0.483212,0.006702
live_dev,VQ,live,0,video133,live:video133,0.319663,0.328154,0.008492
live_dev,VQ,live,0,video140,live:video140,0.720571,0.586020,-0.134551
live_dev,VQ,live,0,video176,live:video176,0.245208,0.245183,-0.000024
live_dev,VQ,live,0,video199,live:video199,0.690005,0.655692,-0.034312
live_dev,VQ,live,0,video201,live:video201,0.319790,0.358071,0.038281
live_dev,VQ,live,0,video228,live:video228,0.568863,0.640995,0.072132
live_dev,VQ,live,0,video244,live:video244,0.460748,0.534738,0.073990
live_dev,VQ,live,0,video245,live:video245,0.458468,0.356101,-0.102368
live_dev,VQ,live,0,video247,live:video247,0.718616,0.716465,-0.002151
live_dev,VQ,live,0,video249,live:video249,0.537524,0.324605,-0.212919
live_dev,VQ,live,0,video252,live:video252,0.558846,0.558846,0.000000
live_dev,VQ,live,0,video276,live:video276,0.565797,0.508243,-0.057554
live_dev,VQ,live,0,video311,live:video311,0.279662,0.397715,0.118053
live_dev,VQ,live,0,video316,live:video316,0.682546,0.676306,-0.006239
live_dev,VQ,live,0,video323,live:video323,0.309271,0.284194,-0.025077
live_dev,VQ,live,0,video333,live:video333,0.631039,0.637742,0.006703
live_dev,VQ,live,0,video371,live:video371,0.477247,0.487319,0.010072
live_dev,VQ,live,0,video421,live:video421,0.462035,0.463549,0.001514
live_dev,VQ,live,0,video426,live:video426,0.277240,0.372039,0.094799
live_dev,VQ,live,0,video436,live:video436,0.423963,0.463296,0.039333
live_dev,VQ,live,0,video437,live:video437,0.602508,0.614212,0.011704
live_dev,VQ,live,0,video440,live:video440,0.579060,0.541679,-0.037381
live_dev,VQ,live,0,video444,live:video444,0.294703,0.259745,-0.034958
live_dev,VQ,live,0,video478,live:video478,0.617089,0.616592,-0.000496
live_dev,VQ,live,0,video481,live:video481,0.454068,0.486507,0.032439
live_dev,VQ,live,0,video494,live:video494,0.796422,0.796422,0.000000
live_dev,VQ,live,0,video506,live:video506,0.348720,0.520180,0.171460
live_dev,VQ,live,0,video522,live:video522,0.753814,0.698205,-0.055609
live_dev,VQ,live,0,video525,live:video525,0.539153,0.674900,0.135746
live_dev,VQ,live,0,video533,live:video533,0.469229,0.470799,0.001570
live_dev,VQ,live,0,video552,live:video552,0.463586,0.509981,0.046395
live_dev,VQ,live,0,video556,live:video556,0.250234,0.245894,-0.004340
live_dev,VQ,live,0,video558,live:video558,0.635446,0.626950,-0.008495
live_dev,VQ,live,0,video566,live:video566,0.446239,0.454372,0.008133
live_dev,VQ,live,0,video569,live:video569,0.544428,0.544605,0.000177
live_dev,VQ,live,0,video586,live:video586,0.610876,0.596698,-0.014178
live_dev,VQ,live,0,video603,live:video603,0.356779,0.476182,0.119403
live_dev,VQ,live,0,video620,live:video620,0.755476,0.755476,0.000000
live_dev,VQ,live,0,video630,live:video630,0.278044,0.196063,-0.081981
live_dev,VQ,live,0,video632,live:video632,0.741757,0.730542,-0.011215
live_dev,VQ,live,0,video666,live:video666,0.648287,0.648287,0.000000
live_dev,VQ,live,0,video690,live:video690,0.544100,0.557659,0.013559
live_dev,VQ,live,0,video701,live:video701,0.444875,0.468115,0.023240
live_dev,VQ,live,0,video705,live:video705,0.281766,0.396876,0.115110
live_dev,VQ,live,0,video707,live:video707,0.678851,0.651945,-0.026906
live_dev,VQ,live,0,video723,live:video723,0.356337,0.387190,0.030852
live_dev,VQ,live,0,video726,live:video726,0.345505,0.331615,-0.013890
live_dev,VQ,live,0,video734,live:video734,0.256350,0.302453,0.046102
live_dev,VQ,live,0,video755,live:video755,0.529613,0.540727,0.011114
live_dev,VQ,live,0,video770,live:video770,0.552603,0.509377,-0.043226
live_dev,VQ,live,0,video775,live:video775,0.553678,0.580567,0.026890
live_dev,VQ,live,0,video776,live:video776,0.382411,0.531074,0.148663
live_dev,VQ,live,0,video781,live:video781,0.486760,0.490370,0.003609
live_dev,VQ,live,0,video793,live:video793,0.673545,0.673545,0.000000
live_dev,VQ,live,0,video815,live:video815,0.707165,0.691368,-0.015797
live_dev,VQ,live,0,video826,live:video826,0.513849,0.498990,-0.014859
live_dev,VQ,live,0,video832,live:video832,0.265473,0.265473,0.000000
live_dev,VQ,live,0,video834,live:video834,0.442747,0.458120,0.015373
live_dev,VQ,live,0,video835,live:video835,0.741339,0.590158,-0.151181
live_dev,VQ,live,0,video885,live:video885,0.429392,0.391867,-0.037524
live_dev,VQ,live,0,video896,live:video896,0.521999,0.604639,0.082640
live_dev,VQ,live,0,video911,live:video911,0.389013,0.506746,0.117733
live_dev,VQ,live,0,video933,live:video933,0.533954,0.634093,0.100140
live_dev,VQ,live,0,video935,live:video935,0.473477,0.532088,0.058610
live_dev,VQ,live,0,video941,live:video941,0.709718,0.594201,-0.115517
live_dev,VQ,live,0,video956,live:video956,0.623483,0.590870,-0.032613
live_dev,VQ,live,0,video964,live:video964,0.510728,0.512435,0.001707
live_dev,VQ,live,0,video967,live:video967,0.240029,0.305064,0.065036
live_dev,VQ,live,0,video988,live:video988,0.773883,0.771218,-0.002666
live_dev,VQ,live,0,video991,live:video991,0.424990,0.590381,0.165391
live_dev,VQ,live,0,video998,live:video998,0.435285,0.462680,0.027396
live_dev,VQ,live,0,video1006,live:video1006,0.553494,0.572029,0.018535
live_dev,VQ,live,0,video1008,live:video1008,0.360519,0.360764,0.000245
live_dev,VQ,live,0,video1018,live:video1018,0.468104,0.537189,0.069085
live_dev,VQ,live,0,video1045,live:video1045,0.400913,0.441196,0.040283
live_dev,VQ,live,0,video1052,live:video1052,0.328516,0.294126,-0.034390
live_dev,VQ,live,0,video1053,live:video1053,0.810359,0.793177,-0.017182
live_dev,VQ,live,0,video1055,live:video1055,0.474469,0.531391,0.056922
live_dev,VQ,live,0,video1062,live:video1062,0.333837,0.260269,-0.073568
live_dev,VQ,live,0,video1066,live:video1066,0.399301,0.578805,0.179504
live_dev,VQ,live,0,video1138,live:video1138,0.723109,0.729169,0.006060
live_dev,VQ,live,0,video1145,live:video1145,0.822248,0.822248,0.000000
live_dev,VQ,live,0,video1146,live:video1146,0.671580,0.671580,0.000000
live_dev,VQ,live,0,video1161,live:video1161,0.622092,0.634318,0.012226
live_dev,VQ,live,0,video1179,live:video1179,0.701383,0.699028,-0.002355
live_dev,VQ,live,0,video1192,live:video1192,0.344744,0.500357,0.155613
live_dev,VQ,live,0,video1197,live:video1197,0.322861,0.572740,0.249879
live_dev,VQ,live,0,video1199,live:video1199,0.620110,0.736854,0.116744
live_dev,VQ,live,0,video1206,live:video1206,0.414178,0.425651,0.011473
live_dev,VQ,live,0,video1242,live:video1242,0.731006,0.650697,-0.080309
live_dev,VQ,live,0,video1262,live:video1262,0.567905,0.560127,-0.007778
live_dev,VQ,live,0,video1265,live:video1265,0.626485,0.603622,-0.022863
live_dev,VQ,live,0,video1266,live:video1266,0.435842,0.595600,0.159758
live_dev,VQ,live,0,video1267,live:video1267,0.451300,0.411135,-0.040164
live_dev,VQ,live,0,video1268,live:video1268,0.301106,0.367760,0.066654
live_dev,VQ,live,0,video1274,live:video1274,0.639990,0.666498,0.026508
live_dev,VQ,live,0,video1277,live:video1277,0.394356,0.417309,0.022953
live_dev,VQ,live,0,video1315,live:video1315,0.717544,0.703747,-0.013796
live_dev,VQ,live,0,video1333,live:video1333,0.483503,0.578362,0.094859
live_dev,VQ,live,0,video1338,live:video1338,0.673625,0.672987,-0.000638
live_dev,VQ,live,0,video1350,live:video1350,0.508394,0.542859,0.034466
live_dev,VQ,live,0,video1355,live:video1355,0.485260,0.670588,0.185328
live_dev,VQ,live,0,video1372,live:video1372,0.577761,0.725871,0.148110
live_dev,VQ,live,0,video1373,live:video1373,0.527843,0.521410,-0.006434
live_dev,VQ,live,0,video1376,live:video1376,0.692453,0.673957,-0.018495
live_dev,VQ,live,0,video1391,live:video1391,0.432648,0.406114,-0.026533
live_dev,VQ,live,0,video1410,live:video1410,0.243410,0.372384,0.128974
live_dev,VQ,live,0,video1427,live:video1427,0.522848,0.494529,-0.028319
live_dev,VQ,live,0,video1442,live:video1442,0.456844,0.449577,-0.007268
live_dev,VQ,live,0,video1449,live:video1449,0.633818,0.608089,-0.025729
live_dev,VQ,live,0,video1460,live:video1460,0.541131,0.536474,-0.004657
live_dev,VQ,live,0,video1478,live:video1478,0.521455,0.567317,0.045861
live_dev,VQ,live,0,video1484,live:video1484,0.491344,0.486074,-0.005270
live_dev,VQ,live,0,video1486,live:video1486,0.686510,0.768571,0.082060
live_dev,VQ,live,0,video1498,live:video1498,0.329777,0.483574,0.153798
live_dev,VQ,live,0,video1512,live:video1512,0.766389,0.768924,0.002534
live_dev,VQ,live,0,video1531,live:video1531,0.561673,0.585698,0.024025
live_dev,VQ,live,0,video1548,live:video1548,0.690127,0.695104,0.004977
live_dev,VQ,live,0,video1549,live:video1549,0.510892,0.558182,0.047290
live_dev,VQ,live,0,video1550,live:video1550,0.739447,0.745017,0.005570
live_dev,VQ,live,0,video1554,live:video1554,0.699403,0.699128,-0.000275
live_dev,VQ,live,0,video1564,live:video1564,0.417405,0.437285,0.019880
live_dev,VQ,live,0,video1567,live:video1567,0.723253,0.734574,0.011322
live_dev,VQ,live,0,video1583,live:video1583,0.548317,0.691753,0.143436
live_dev,VQ,live,0,video1593,live:video1593,0.680855,0.670949,-0.009905
live_dev,VQ,live,0,video1600,live:video1600,0.592640,0.633739,0.041098
live_dev,VQ,live,0,video1607,live:video1607,0.591612,0.518687,-0.072925
live_dev,VQ,live,0,video1611,live:video1611,0.562151,0.492808,-0.069344
live_dev,VQ,live,0,video1618,live:video1618,0.372772,0.380679,0.007907
live_dev,VQ,live,0,video2583,live:video2583,0.664271,0.658889,-0.005382
live_dev,VQ,live,0,video2586,live:video2586,0.533423,0.361155,-0.172268
live_dev,VQ,live,0,video2612,live:video2612,0.556729,0.495755,-0.060974
live_dev,VQ,live,0,video2616,live:video2616,0.684856,0.686205,0.001349
live_dev,VQ,live,0,video2624,live:video2624,0.632298,0.632298,0.000000
live_dev,VQ,live,0,video2626,live:video2626,0.763589,0.765285,0.001696
live_dev,VQ,live,0,video2657,live:video2657,0.700044,0.700044,0.000000
live_dev,VQ,live,0,video2662,live:video2662,0.547211,0.460646,-0.086565
live_dev,VQ,live,0,video2695,live:video2695,0.663608,0.649159,-0.014449
live_dev,VQ,live,0,video2747,live:video2747,0.323750,0.377546,0.053796
live_dev,VQ,live,0,video2770,live:video2770,0.465269,0.401366,-0.063902
live_dev,VQ,live,0,video2771,live:video2771,0.490532,0.526396,0.035864
live_dev,VQ,live,0,video2783,live:video2783,0.284666,0.181053,-0.103613
live_dev,VQ,live,0,video2797,live:video2797,0.654448,0.682159,0.027711
live_val,G,live,0,video1,live:video1,0.556582,0.564999,0.008416
live_val,G,live,0,video15,live:video15,0.381355,0.383340,0.001985
live_val,G,live,0,video26,live:video26,0.459980,0.479594,0.019614
live_val,G,live,0,video36,live:video36,0.607505,0.611069,0.003564
live_val,G,live,0,video39,live:video39,0.504885,0.503064,-0.001821
live_val,G,live,0,video41,live:video41,0.468731,0.468603,-0.000128
live_val,G,live,0,video57,live:video57,0.597892,0.595104,-0.002788
live_val,G,live,0,video64,live:video64,0.390290,0.395756,0.005466
live_val,G,live,0,video79,live:video79,0.419545,0.419545,0.000000
live_val,G,live,0,video81,live:video81,0.305508,0.317036,0.011528
live_val,G,live,0,video107,live:video107,0.658829,0.641418,-0.017412
live_val,G,live,0,video110,live:video110,0.305389,0.306242,0.000852
live_val,G,live,0,video125,live:video125,0.557835,0.570213,0.012377
live_val,G,live,0,video129,live:video129,0.463305,0.461616,-0.001689
live_val,G,live,0,video151,live:video151,0.433508,0.443672,0.010165
live_val,G,live,0,video166,live:video166,0.836365,0.836415,0.000050
live_val,G,live,0,video177,live:video177,0.280127,0.279873,-0.000254
live_val,G,live,0,video185,live:video185,0.404190,0.407450,0.003259
live_val,G,live,0,video203,live:video203,0.370887,0.375052,0.004165
live_val,G,live,0,video213,live:video213,0.567521,0.565326,-0.002195
live_val,G,live,0,video217,live:video217,0.560014,0.521461,-0.038553
live_val,G,live,0,video222,live:video222,0.680472,0.676994,-0.003478
live_val,G,live,0,video243,live:video243,0.495405,0.496073,0.000667
live_val,G,live,0,video274,live:video274,0.578939,0.580539,0.001600
live_val,G,live,0,video282,live:video282,0.348106,0.396705,0.048599
live_val,G,live,0,video299,live:video299,0.415434,0.416197,0.000763
live_val,G,live,0,video307,live:video307,0.552681,0.558234,0.005552
live_val,G,live,0,video321,live:video321,0.395159,0.389168,-0.005991
live_val,G,live,0,video324,live:video324,0.503215,0.509733,0.006518
live_val,G,live,0,video348,live:video348,0.664354,0.664354,0.000000
live_val,G,live,0,video365,live:video365,0.481419,0.482651,0.001232
live_val,G,live,0,video380,live:video380,0.699088,0.688145,-0.010943
live_val,G,live,0,video383,live:video383,0.335217,0.356763,0.021546
live_val,G,live,0,video419,live:video419,0.653335,0.653756,0.000421
live_val,G,live,0,video424,live:video424,0.467434,0.466291,-0.001143
live_val,G,live,0,video430,live:video430,0.450225,0.451623,0.001398
live_val,G,live,0,video431,live:video431,0.488220,0.494596,0.006375
live_val,G,live,0,video457,live:video457,0.298759,0.260652,-0.038107
live_val,G,live,0,video462,live:video462,0.630258,0.627583,-0.002675
live_val,G,live,0,video482,live:video482,0.576267,0.574213,-0.002055
live_val,G,live,0,video483,live:video483,0.503947,0.504602,0.000655
live_val,G,live,0,video490,live:video490,0.506603,0.489759,-0.016844
live_val,G,live,0,video500,live:video500,0.453329,0.454084,0.000754
live_val,G,live,0,video501,live:video501,0.453697,0.463574,0.009877
live_val,G,live,0,video512,live:video512,0.249402,0.256750,0.007348
live_val,G,live,0,video526,live:video526,0.450620,0.450666,0.000047
live_val,G,live,0,video542,live:video542,0.440894,0.438576,-0.002318
live_val,G,live,0,video571,live:video571,0.474402,0.474402,0.000000
live_val,G,live,0,video573,live:video573,0.353673,0.393532,0.039858
live_val,G,live,0,video577,live:video577,0.595119,0.593791,-0.001329
live_val,G,live,0,video580,live:video580,0.558789,0.554229,-0.004560
live_val,G,live,0,video592,live:video592,0.693748,0.689152,-0.004596
live_val,G,live,0,video594,live:video594,0.363674,0.370763,0.007089
live_val,G,live,0,video601,live:video601,0.689682,0.691888,0.002206
live_val,G,live,0,video619,live:video619,0.293676,0.299580,0.005904
live_val,G,live,0,video628,live:video628,0.747661,0.747661,0.000000
live_val,G,live,0,video679,live:video679,0.501907,0.509208,0.007300
live_val,G,live,0,video682,live:video682,0.778703,0.778155,-0.000549
live_val,G,live,0,video686,live:video686,0.754436,0.755412,0.000977
live_val,G,live,0,video693,live:video693,0.667735,0.665622,-0.002113
live_val,G,live,0,video721,live:video721,0.267220,0.263615,-0.003605
live_val,G,live,0,video736,live:video736,0.532294,0.524132,-0.008162
live_val,G,live,0,video746,live:video746,0.474539,0.472414,-0.002125
live_val,G,live,0,video748,live:video748,0.700669,0.701101,0.000431
live_val,G,live,0,video756,live:video756,0.387710,0.388229,0.000519
live_val,G,live,0,video768,live:video768,0.289456,0.291912,0.002457
live_val,G,live,0,video786,live:video786,0.516269,0.515625,-0.000644
live_val,G,live,0,video802,live:video802,0.779855,0.779855,0.000000
live_val,G,live,0,video813,live:video813,0.534435,0.533282,-0.001153
live_val,G,live,0,video838,live:video838,0.562012,0.556589,-0.005423
live_val,G,live,0,video848,live:video848,0.625354,0.653615,0.028260
live_val,G,live,0,video852,live:video852,0.554064,0.565933,0.011868
live_val,G,live,0,video855,live:video855,0.649595,0.653140,0.003546
live_val,G,live,0,video858,live:video858,0.680019,0.679416,-0.000604
live_val,G,live,0,video862,live:video862,0.709249,0.706016,-0.003233
live_val,G,live,0,video868,live:video868,0.359165,0.367701,0.008536
live_val,G,live,0,video888,live:video888,0.491310,0.504159,0.012849
live_val,G,live,0,video897,live:video897,0.658619,0.654727,-0.003892
live_val,G,live,0,video899,live:video899,0.746095,0.747537,0.001442
live_val,G,live,0,video912,live:video912,0.583405,0.584408,0.001003
live_val,G,live,0,video920,live:video920,0.536582,0.548518,0.011935
live_val,G,live,0,video929,live:video929,0.489243,0.489349,0.000106
live_val,G,live,0,video946,live:video946,0.668569,0.669740,0.001171
live_val,G,live,0,video947,live:video947,0.838822,0.838822,0.000000
live_val,G,live,0,video957,live:video957,0.281406,0.281426,0.000020
live_val,G,live,0,video958,live:video958,0.356842,0.361172,0.004330
live_val,G,live,0,video968,live:video968,0.499668,0.499750,0.000082
live_val,G,live,0,video975,live:video975,0.657670,0.638997,-0.018673
live_val,G,live,0,video994,live:video994,0.725426,0.724382,-0.001045
live_val,G,live,0,video1000,live:video1000,0.478140,0.480770,0.002631
live_val,G,live,0,video1009,live:video1009,0.646825,0.646411,-0.000414
live_val,G,live,0,video1013,live:video1013,0.338449,0.342831,0.004382
live_val,G,live,0,video1048,live:video1048,0.316520,0.328794,0.012274
live_val,G,live,0,video1061,live:video1061,0.474151,0.468224,-0.005927
live_val,G,live,0,video1080,live:video1080,0.369833,0.369833,0.000000
live_val,G,live,0,video1084,live:video1084,0.733569,0.732267,-0.001301
live_val,G,live,0,video1086,live:video1086,0.565686,0.569550,0.003863
live_val,G,live,0,video1102,live:video1102,0.465072,0.464745,-0.000327
live_val,G,live,0,video1103,live:video1103,0.479888,0.478618,-0.001270
live_val,G,live,0,video1105,live:video1105,0.462188,0.461106,-0.001082
live_val,G,live,0,video1108,live:video1108,0.650248,0.650736,0.000487
live_val,G,live,0,video1122,live:video1122,0.400920,0.404728,0.003808
live_val,G,live,0,video1126,live:video1126,0.606839,0.607589,0.000750
live_val,G,live,0,video1132,live:video1132,0.562442,0.562070,-0.000371
live_val,G,live,0,video1135,live:video1135,0.297336,0.288386,-0.008950
live_val,G,live,0,video1137,live:video1137,0.503635,0.498372,-0.005263
live_val,G,live,0,video1147,live:video1147,0.699656,0.699446,-0.000210
live_val,G,live,0,video1154,live:video1154,0.290446,0.287890,-0.002555
live_val,G,live,0,video1170,live:video1170,0.648410,0.650212,0.001802
live_val,G,live,0,video1174,live:video1174,0.195511,0.205029,0.009518
live_val,G,live,0,video1177,live:video1177,0.553579,0.554148,0.000569
live_val,G,live,0,video1180,live:video1180,0.265339,0.277219,0.011880
live_val,G,live,0,video1181,live:video1181,0.542313,0.537754,-0.004559
live_val,G,live,0,video1203,live:video1203,0.506840,0.481406,-0.025434
live_val,G,live,0,video1213,live:video1213,0.336216,0.344541,0.008325
live_val,G,live,0,video1215,live:video1215,0.328377,0.333241,0.004864
live_val,G,live,0,video1228,live:video1228,0.552060,0.551952,-0.000108
live_val,G,live,0,video1229,live:video1229,0.472315,0.470059,-0.002256
live_val,G,live,0,video1239,live:video1239,0.481414,0.477306,-0.004109
live_val,G,live,0,video1261,live:video1261,0.725002,0.718248,-0.006754
live_val,G,live,0,video1279,live:video1279,0.637443,0.634904,-0.002539
live_val,G,live,0,video1281,live:video1281,0.570100,0.581846,0.011746
live_val,G,live,0,video1307,live:video1307,0.587501,0.592428,0.004927
live_val,G,live,0,video1310,live:video1310,0.778979,0.778979,0.000000
live_val,G,live,0,video1327,live:video1327,0.596402,0.594213,-0.002189
live_val,G,live,0,video1351,live:video1351,0.655787,0.655945,0.000158
live_val,G,live,0,video1360,live:video1360,0.494039,0.527798,0.033759
live_val,G,live,0,video1370,live:video1370,0.697232,0.693641,-0.003591
live_val,G,live,0,video1377,live:video1377,0.623483,0.631220,0.007738
live_val,G,live,0,video1379,live:video1379,0.608556,0.601661,-0.006895
live_val,G,live,0,video1388,live:video1388,0.578244,0.588857,0.010613
live_val,G,live,0,video1426,live:video1426,0.608183,0.605495,-0.002688
live_val,G,live,0,video1431,live:video1431,0.484524,0.486341,0.001817
live_val,G,live,0,video1436,live:video1436,0.440958,0.440530,-0.000428
live_val,G,live,0,video1467,live:video1467,0.494758,0.494207,-0.000551
live_val,G,live,0,video1482,live:video1482,0.797942,0.797942,0.000000
live_val,G,live,0,video1490,live:video1490,0.525981,0.538478,0.012496
live_val,G,live,0,video1513,live:video1513,0.508895,0.509665,0.000770
live_val,G,live,0,video1518,live:video1518,0.474548,0.471929,-0.002619
live_val,G,live,0,video1532,live:video1532,0.427557,0.425110,-0.002447
live_val,G,live,0,video1534,live:video1534,0.442158,0.455142,0.012983
live_val,G,live,0,video1537,live:video1537,0.462821,0.462821,0.000000
live_val,G,live,0,video1543,live:video1543,0.616134,0.617950,0.001816
live_val,G,live,0,video1557,live:video1557,0.608147,0.601727,-0.006420
live_val,G,live,0,video1560,live:video1560,0.453676,0.464043,0.010366
live_val,G,live,0,video1568,live:video1568,0.429175,0.433543,0.004369
live_val,G,live,0,video1591,live:video1591,0.486971,0.498540,0.011569
live_val,G,live,0,video1595,live:video1595,0.406019,0.418078,0.012059
live_val,G,live,0,video1598,live:video1598,0.501797,0.505132,0.003335
live_val,G,live,0,video1608,live:video1608,0.427011,0.423247,-0.003765
live_val,G,live,0,video1609,live:video1609,0.607065,0.622882,0.015817
live_val,G,live,0,video2584,live:video2584,0.852967,0.852967,0.000000
live_val,G,live,0,video2599,live:video2599,0.486098,0.485910,-0.000188
live_val,G,live,0,video2644,live:video2644,0.670352,0.680259,0.009907
live_val,G,live,0,video2647,live:video2647,0.804955,0.804955,0.000000
live_val,G,live,0,video2648,live:video2648,0.398578,0.395599,-0.002979
live_val,G,live,0,video2649,live:video2649,0.563507,0.562320,-0.001187
live_val,G,live,0,video2660,live:video2660,0.589812,0.589588,-0.000224
live_val,G,live,0,video2663,live:video2663,0.418311,0.472485,0.054174
live_val,G,live,0,video2674,live:video2674,0.784274,0.784274,0.000000
live_val,G,live,0,video2677,live:video2677,0.306461,0.306461,0.000000
live_val,G,live,0,video2681,live:video2681,0.603215,0.614931,0.011716
live_val,G,live,0,video2688,live:video2688,0.277484,0.262496,-0.014988
live_val,G,live,0,video2709,live:video2709,0.538284,0.532503,-0.005782
live_val,G,live,0,video2749,live:video2749,0.729752,0.727094,-0.002659
live_val,G,live,0,video2753,live:video2753,0.415885,0.415952,0.000067
live_val,G,live,0,video2759,live:video2759,0.352381,0.352427,0.000046
live_val,G,live,0,video2761,live:video2761,0.215097,0.215122,0.000025
live_val,G,live,0,video2769,live:video2769,0.618656,0.611534,-0.007122
live_val,G,live,0,video2774,live:video2774,0.615048,0.614784,-0.000264
live_val,G,live,0,video2787,live:video2787,0.656956,0.656956,0.000000
live_val,G,live,0,video2802,live:video2802,0.580617,0.578694,-0.001923
live_val,V,live,0,video1,live:video1,0.556582,0.484032,-0.072550
live_val,V,live,0,video15,live:video15,0.381355,0.378548,-0.002807
live_val,V,live,0,video26,live:video26,0.459980,0.558245,0.098265
live_val,V,live,0,video36,live:video36,0.607505,0.643271,0.035765
live_val,V,live,0,video39,live:video39,0.504885,0.583838,0.078954
live_val,V,live,0,video41,live:video41,0.468731,0.438606,-0.030125
live_val,V,live,0,video57,live:video57,0.597892,0.670653,0.072761
live_val,V,live,0,video64,live:video64,0.390290,0.339110,-0.051180
live_val,V,live,0,video79,live:video79,0.419545,0.419545,0.000000
live_val,V,live,0,video81,live:video81,0.305508,0.309454,0.003946
live_val,V,live,0,video107,live:video107,0.658829,0.664625,0.005795
live_val,V,live,0,video110,live:video110,0.305389,0.331319,0.025930
live_val,V,live,0,video125,live:video125,0.557835,0.584905,0.027069
live_val,V,live,0,video129,live:video129,0.463305,0.388190,-0.075115
live_val,V,live,0,video151,live:video151,0.433508,0.443137,0.009629
live_val,V,live,0,video166,live:video166,0.836365,0.836415,0.000050
live_val,V,live,0,video177,live:video177,0.280127,0.295425,0.015298
live_val,V,live,0,video185,live:video185,0.404190,0.362379,-0.041811
live_val,V,live,0,video203,live:video203,0.370887,0.401763,0.030875
live_val,V,live,0,video213,live:video213,0.567521,0.457183,-0.110338
live_val,V,live,0,video217,live:video217,0.560014,0.587649,0.027635
live_val,V,live,0,video222,live:video222,0.680472,0.661810,-0.018662
live_val,V,live,0,video243,live:video243,0.495405,0.520535,0.025130
live_val,V,live,0,video274,live:video274,0.578939,0.500827,-0.078112
live_val,V,live,0,video282,live:video282,0.348106,0.560663,0.212557
live_val,V,live,0,video299,live:video299,0.415434,0.427916,0.012482
live_val,V,live,0,video307,live:video307,0.552681,0.583766,0.031085
live_val,V,live,0,video321,live:video321,0.395159,0.606298,0.211139
live_val,V,live,0,video324,live:video324,0.503215,0.569540,0.066325
live_val,V,live,0,video348,live:video348,0.664354,0.664354,0.000000
live_val,V,live,0,video365,live:video365,0.481419,0.402153,-0.079267
live_val,V,live,0,video380,live:video380,0.699088,0.738674,0.039586
live_val,V,live,0,video383,live:video383,0.335217,0.388034,0.052817
live_val,V,live,0,video419,live:video419,0.653335,0.653756,0.000421
live_val,V,live,0,video424,live:video424,0.467434,0.433851,-0.033583
live_val,V,live,0,video430,live:video430,0.450225,0.438394,-0.011831
live_val,V,live,0,video431,live:video431,0.488220,0.475279,-0.012941
live_val,V,live,0,video457,live:video457,0.298759,0.058904,-0.239855
live_val,V,live,0,video462,live:video462,0.630258,0.638749,0.008491
live_val,V,live,0,video482,live:video482,0.576267,0.567276,-0.008991
live_val,V,live,0,video483,live:video483,0.503947,0.498918,-0.005029
live_val,V,live,0,video490,live:video490,0.506603,0.468847,-0.037756
live_val,V,live,0,video500,live:video500,0.453329,0.452872,-0.000458
live_val,V,live,0,video501,live:video501,0.453697,0.388862,-0.064835
live_val,V,live,0,video512,live:video512,0.249402,0.210010,-0.039392
live_val,V,live,0,video526,live:video526,0.450620,0.461545,0.010925
live_val,V,live,0,video542,live:video542,0.440894,0.472883,0.031989
live_val,V,live,0,video571,live:video571,0.474402,0.459598,-0.014803
live_val,V,live,0,video573,live:video573,0.353673,0.494086,0.140413
live_val,V,live,0,video577,live:video577,0.595119,0.574542,-0.020578
live_val,V,live,0,video580,live:video580,0.558789,0.607101,0.048313
live_val,V,live,0,video592,live:video592,0.693748,0.613330,-0.080418
live_val,V,live,0,video594,live:video594,0.363674,0.419772,0.056099
live_val,V,live,0,video601,live:video601,0.689682,0.691888,0.002206
live_val,V,live,0,video619,live:video619,0.293676,0.289582,-0.004094
live_val,V,live,0,video628,live:video628,0.747661,0.747661,0.000000
live_val,V,live,0,video679,live:video679,0.501907,0.561664,0.059756
live_val,V,live,0,video682,live:video682,0.778703,0.779728,0.001024
live_val,V,live,0,video686,live:video686,0.754436,0.774863,0.020427
live_val,V,live,0,video693,live:video693,0.667735,0.655634,-0.012101
live_val,V,live,0,video721,live:video721,0.267220,0.534946,0.267726
live_val,V,live,0,video736,live:video736,0.532294,0.523503,-0.008791
live_val,V,live,0,video746,live:video746,0.474539,0.451131,-0.023408
live_val,V,live,0,video748,live:video748,0.700669,0.692517,-0.008152
live_val,V,live,0,video756,live:video756,0.387710,0.376066,-0.011643
live_val,V,live,0,video768,live:video768,0.289456,0.308670,0.019214
live_val,V,live,0,video786,live:video786,0.516269,0.549008,0.032740
live_val,V,live,0,video802,live:video802,0.779855,0.779855,0.000000
live_val,V,live,0,video813,live:video813,0.534435,0.529677,-0.004758
live_val,V,live,0,video838,live:video838,0.562012,0.532578,-0.029434
live_val,V,live,0,video848,live:video848,0.625354,0.667205,0.041850
live_val,V,live,0,video852,live:video852,0.554064,0.566497,0.012433
live_val,V,live,0,video855,live:video855,0.649595,0.657944,0.008349
live_val,V,live,0,video858,live:video858,0.680019,0.723110,0.043091
live_val,V,live,0,video862,live:video862,0.709249,0.743256,0.034007
live_val,V,live,0,video868,live:video868,0.359165,0.506056,0.146891
live_val,V,live,0,video888,live:video888,0.491310,0.461872,-0.029438
live_val,V,live,0,video897,live:video897,0.658619,0.660722,0.002103
live_val,V,live,0,video899,live:video899,0.746095,0.747900,0.001805
live_val,V,live,0,video912,live:video912,0.583405,0.594265,0.010860
live_val,V,live,0,video920,live:video920,0.536582,0.535125,-0.001457
live_val,V,live,0,video929,live:video929,0.489243,0.478563,-0.010681
live_val,V,live,0,video946,live:video946,0.668569,0.662974,-0.005594
live_val,V,live,0,video947,live:video947,0.838822,0.838822,0.000000
live_val,V,live,0,video957,live:video957,0.281406,0.463372,0.181965
live_val,V,live,0,video958,live:video958,0.356842,0.402590,0.045748
live_val,V,live,0,video968,live:video968,0.499668,0.457009,-0.042660
live_val,V,live,0,video975,live:video975,0.657670,0.608516,-0.049154
live_val,V,live,0,video994,live:video994,0.725426,0.708313,-0.017114
live_val,V,live,0,video1000,live:video1000,0.478140,0.489225,0.011085
live_val,V,live,0,video1009,live:video1009,0.646825,0.647879,0.001054
live_val,V,live,0,video1013,live:video1013,0.338449,0.395415,0.056965
live_val,V,live,0,video1048,live:video1048,0.316520,0.469952,0.153432
live_val,V,live,0,video1061,live:video1061,0.474151,0.494347,0.020196
live_val,V,live,0,video1080,live:video1080,0.369833,0.369833,0.000000
live_val,V,live,0,video1084,live:video1084,0.733569,0.712967,-0.020602
live_val,V,live,0,video1086,live:video1086,0.565686,0.582621,0.016934
live_val,V,live,0,video1102,live:video1102,0.465072,0.462542,-0.002530
live_val,V,live,0,video1103,live:video1103,0.479888,0.471975,-0.007913
live_val,V,live,0,video1105,live:video1105,0.462188,0.410528,-0.051660
live_val,V,live,0,video1108,live:video1108,0.650248,0.678185,0.027937
live_val,V,live,0,video1122,live:video1122,0.400920,0.482340,0.081420
live_val,V,live,0,video1126,live:video1126,0.606839,0.645162,0.038323
live_val,V,live,0,video1132,live:video1132,0.562442,0.562070,-0.000371
live_val,V,live,0,video1135,live:video1135,0.297336,0.288386,-0.008950
live_val,V,live,0,video1137,live:video1137,0.503635,0.540911,0.037276
live_val,V,live,0,video1147,live:video1147,0.699656,0.699080,-0.000576
live_val,V,live,0,video1154,live:video1154,0.290446,0.393959,0.103514
live_val,V,live,0,video1170,live:video1170,0.648410,0.673305,0.024896
live_val,V,live,0,video1174,live:video1174,0.195511,0.331158,0.135646
live_val,V,live,0,video1177,live:video1177,0.553579,0.342854,-0.210724
live_val,V,live,0,video1180,live:video1180,0.265339,0.580675,0.315336
live_val,V,live,0,video1181,live:video1181,0.542313,0.542767,0.000454
live_val,V,live,0,video1203,live:video1203,0.506840,0.489472,-0.017367
live_val,V,live,0,video1213,live:video1213,0.336216,0.402824,0.066608
live_val,V,live,0,video1215,live:video1215,0.328377,0.414288,0.085911
live_val,V,live,0,video1228,live:video1228,0.552060,0.551952,-0.000108
live_val,V,live,0,video1229,live:video1229,0.472315,0.606238,0.133922
live_val,V,live,0,video1239,live:video1239,0.481414,0.498822,0.017408
live_val,V,live,0,video1261,live:video1261,0.725002,0.597689,-0.127313
live_val,V,live,0,video1279,live:video1279,0.637443,0.620988,-0.016455
live_val,V,live,0,video1281,live:video1281,0.570100,0.607424,0.037324
live_val,V,live,0,video1307,live:video1307,0.587501,0.604578,0.017077
live_val,V,live,0,video1310,live:video1310,0.778979,0.778979,0.000000
live_val,V,live,0,video1327,live:video1327,0.596402,0.665757,0.069356
live_val,V,live,0,video1351,live:video1351,0.655787,0.648219,-0.007568
live_val,V,live,0,video1360,live:video1360,0.494039,0.436741,-0.057298
live_val,V,live,0,video1370,live:video1370,0.697232,0.675994,-0.021238
live_val,V,live,0,video1377,live:video1377,0.623483,0.657527,0.034045
live_val,V,live,0,video1379,live:video1379,0.608556,0.659424,0.050868
live_val,V,live,0,video1388,live:video1388,0.578244,0.679609,0.101365
live_val,V,live,0,video1426,live:video1426,0.608183,0.571580,-0.036603
live_val,V,live,0,video1431,live:video1431,0.484524,0.468263,-0.016261
live_val,V,live,0,video1436,live:video1436,0.440958,0.440530,-0.000428
live_val,V,live,0,video1467,live:video1467,0.494758,0.472868,-0.021890
live_val,V,live,0,video1482,live:video1482,0.797942,0.797942,0.000000
live_val,V,live,0,video1490,live:video1490,0.525981,0.650441,0.124459
live_val,V,live,0,video1513,live:video1513,0.508895,0.509665,0.000770
live_val,V,live,0,video1518,live:video1518,0.474548,0.470130,-0.004417
live_val,V,live,0,video1532,live:video1532,0.427557,0.398664,-0.028893
live_val,V,live,0,video1534,live:video1534,0.442158,0.478192,0.036034
live_val,V,live,0,video1537,live:video1537,0.462821,0.462821,0.000000
live_val,V,live,0,video1543,live:video1543,0.616134,0.624476,0.008342
live_val,V,live,0,video1557,live:video1557,0.608147,0.613283,0.005136
live_val,V,live,0,video1560,live:video1560,0.453676,0.398647,-0.055029
live_val,V,live,0,video1568,live:video1568,0.429175,0.372849,-0.056326
live_val,V,live,0,video1591,live:video1591,0.486971,0.502379,0.015408
live_val,V,live,0,video1595,live:video1595,0.406019,0.488311,0.082292
live_val,V,live,0,video1598,live:video1598,0.501797,0.475961,-0.025836
live_val,V,live,0,video1608,live:video1608,0.427011,0.418728,-0.008283
live_val,V,live,0,video1609,live:video1609,0.607065,0.533488,-0.073577
live_val,V,live,0,video2584,live:video2584,0.852967,0.852967,0.000000
live_val,V,live,0,video2599,live:video2599,0.486098,0.525818,0.039720
live_val,V,live,0,video2644,live:video2644,0.670352,0.550996,-0.119356
live_val,V,live,0,video2647,live:video2647,0.804955,0.804955,0.000000
live_val,V,live,0,video2648,live:video2648,0.398578,0.406177,0.007599
live_val,V,live,0,video2649,live:video2649,0.563507,0.621144,0.057637
live_val,V,live,0,video2660,live:video2660,0.589812,0.543917,-0.045895
live_val,V,live,0,video2663,live:video2663,0.418311,0.583946,0.165635
live_val,V,live,0,video2674,live:video2674,0.784274,0.784274,0.000000
live_val,V,live,0,video2677,live:video2677,0.306461,0.403529,0.097068
live_val,V,live,0,video2681,live:video2681,0.603215,0.544289,-0.058926
live_val,V,live,0,video2688,live:video2688,0.277484,0.277661,0.000177
live_val,V,live,0,video2709,live:video2709,0.538284,0.571056,0.032771
live_val,V,live,0,video2749,live:video2749,0.729752,0.734077,0.004325
live_val,V,live,0,video2753,live:video2753,0.415885,0.396195,-0.019690
live_val,V,live,0,video2759,live:video2759,0.352381,0.321079,-0.031302
live_val,V,live,0,video2761,live:video2761,0.215097,0.213390,-0.001708
live_val,V,live,0,video2769,live:video2769,0.618656,0.618308,-0.000348
live_val,V,live,0,video2774,live:video2774,0.615048,0.626654,0.011606
live_val,V,live,0,video2787,live:video2787,0.656956,0.656956,0.000000
live_val,V,live,0,video2802,live:video2802,0.580617,0.477038,-0.103579
live_val,VQ,live,0,video1,live:video1,0.556582,0.492936,-0.063646
live_val,VQ,live,0,video15,live:video15,0.381355,0.403674,0.022319
live_val,VQ,live,0,video26,live:video26,0.459980,0.529004,0.069024
live_val,VQ,live,0,video36,live:video36,0.607505,0.633236,0.025730
live_val,VQ,live,0,video39,live:video39,0.504885,0.541893,0.037008
live_val,VQ,live,0,video41,live:video41,0.468731,0.440845,-0.027886
live_val,VQ,live,0,video57,live:video57,0.597892,0.639782,0.041890
live_val,VQ,live,0,video64,live:video64,0.390290,0.343117,-0.047173
live_val,VQ,live,0,video79,live:video79,0.419545,0.419545,0.000000
live_val,VQ,live,0,video81,live:video81,0.305508,0.298280,-0.007228
live_val,VQ,live,0,video107,live:video107,0.658829,0.657882,-0.000947
live_val,VQ,live,0,video110,live:video110,0.305389,0.327861,0.022472
live_val,VQ,live,0,video125,live:video125,0.557835,0.599972,0.042136
live_val,VQ,live,0,video129,live:video129,0.463305,0.392501,-0.070804
live_val,VQ,live,0,video151,live:video151,0.433508,0.453215,0.019707
live_val,VQ,live,0,video166,live:video166,0.836365,0.834591,-0.001774
live_val,VQ,live,0,video177,live:video177,0.280127,0.297110,0.016983
live_val,VQ,live,0,video185,live:video185,0.404190,0.381921,-0.022269
live_val,VQ,live,0,video203,live:video203,0.370887,0.422775,0.051888
live_val,VQ,live,0,video213,live:video213,0.567521,0.457183,-0.110338
live_val,VQ,live,0,video217,live:video217,0.560014,0.536426,-0.023589
live_val,VQ,live,0,video222,live:video222,0.680472,0.668648,-0.011824
live_val,VQ,live,0,video243,live:video243,0.495405,0.522433,0.027028
live_val,VQ,live,0,video274,live:video274,0.578939,0.509961,-0.068977
live_val,VQ,live,0,video282,live:video282,0.348106,0.534043,0.185937
live_val,VQ,live,0,video299,live:video299,0.415434,0.423213,0.007778
live_val,VQ,live,0,video307,live:video307,0.552681,0.580568,0.027887
live_val,VQ,live,0,video321,live:video321,0.395159,0.598506,0.203347
live_val,VQ,live,0,video324,live:video324,0.503215,0.570032,0.066817
live_val,VQ,live,0,video348,live:video348,0.664354,0.664354,0.000000
live_val,VQ,live,0,video365,live:video365,0.481419,0.400154,-0.081265
live_val,VQ,live,0,video380,live:video380,0.699088,0.724814,0.025726
live_val,VQ,live,0,video383,live:video383,0.335217,0.379163,0.043946
live_val,VQ,live,0,video419,live:video419,0.653335,0.651849,-0.001486
live_val,VQ,live,0,video424,live:video424,0.467434,0.470856,0.003422
live_val,VQ,live,0,video430,live:video430,0.450225,0.438394,-0.011831
live_val,VQ,live,0,video431,live:video431,0.488220,0.481186,-0.007035
live_val,VQ,live,0,video457,live:video457,0.298759,0.074642,-0.224118
live_val,VQ,live,0,video462,live:video462,0.630258,0.645829,0.015570
live_val,VQ,live,0,video482,live:video482,0.576267,0.583284,0.007016
live_val,VQ,live,0,video483,live:video483,0.503947,0.492894,-0.011052
live_val,VQ,live,0,video490,live:video490,0.506603,0.493335,-0.013268
live_val,VQ,live,0,video500,live:video500,0.453329,0.449816,-0.003513
live_val,VQ,live,0,video501,live:video501,0.453697,0.438633,-0.015064
live_val,VQ,live,0,video512,live:video512,0.249402,0.271747,0.022345
live_val,VQ,live,0,video526,live:video526,0.450620,0.455615,0.004995
live_val,VQ,live,0,video542,live:video542,0.440894,0.475454,0.034560
live_val,VQ,live,0,video571,live:video571,0.474402,0.458651,-0.015751
live_val,VQ,live,0,video573,live:video573,0.353673,0.488368,0.134695
live_val,VQ,live,0,video577,live:video577,0.595119,0.585402,-0.009718
live_val,VQ,live,0,video580,live:video580,0.558789,0.573005,0.014216
live_val,VQ,live,0,video592,live:video592,0.693748,0.597508,-0.096240
live_val,VQ,live,0,video594,live:video594,0.363674,0.418785,0.055111
live_val,VQ,live,0,video601,live:video601,0.689682,0.713366,0.023684
live_val,VQ,live,0,video619,live:video619,0.293676,0.308113,0.014437
live_val,VQ,live,0,video628,live:video628,0.747661,0.747661,0.000000
live_val,VQ,live,0,video679,live:video679,0.501907,0.559273,0.057366
live_val,VQ,live,0,video682,live:video682,0.778703,0.767646,-0.011058
live_val,VQ,live,0,video686,live:video686,0.754436,0.787256,0.032820
live_val,VQ,live,0,video693,live:video693,0.667735,0.623174,-0.044561
live_val,VQ,live,0,video721,live:video721,0.267220,0.553279,0.286059
live_val,VQ,live,0,video736,live:video736,0.532294,0.534652,0.002358
live_val,VQ,live,0,video746,live:video746,0.474539,0.450227,-0.024312
live_val,VQ,live,0,video748,live:video748,0.700669,0.681628,-0.019041
live_val,VQ,live,0,video756,live:video756,0.387710,0.353379,-0.034331
live_val,VQ,live,0,video768,live:video768,0.289456,0.308716,0.019260
live_val,VQ,live,0,video786,live:video786,0.516269,0.572918,0.056649
live_val,VQ,live,0,video802,live:video802,0.779855,0.770136,-0.009719
live_val,VQ,live,0,video813,live:video813,0.534435,0.536318,0.001883
live_val,VQ,live,0,video838,live:video838,0.562012,0.542447,-0.019565
live_val,VQ,live,0,video848,live:video848,0.625354,0.698970,0.073616
live_val,VQ,live,0,video852,live:video852,0.554064,0.562529,0.008465
live_val,VQ,live,0,video855,live:video855,0.649595,0.647404,-0.002191
live_val,VQ,live,0,video858,live:video858,0.680019,0.695916,0.015897
live_val,VQ,live,0,video862,live:video862,0.709249,0.743256,0.034007
live_val,VQ,live,0,video868,live:video868,0.359165,0.501186,0.142021
live_val,VQ,live,0,video888,live:video888,0.491310,0.492611,0.001301
live_val,VQ,live,0,video897,live:video897,0.658619,0.670205,0.011586
live_val,VQ,live,0,video899,live:video899,0.746095,0.747630,0.001535
live_val,VQ,live,0,video912,live:video912,0.583405,0.585545,0.002139
live_val,VQ,live,0,video920,live:video920,0.536582,0.549023,0.012440
live_val,VQ,live,0,video929,live:video929,0.489243,0.481759,-0.007484
live_val,VQ,live,0,video946,live:video946,0.668569,0.675143,0.006575
live_val,VQ,live,0,video947,live:video947,0.838822,0.838822,0.000000
live_val,VQ,live,0,video957,live:video957,0.281406,0.463546,0.182140
live_val,VQ,live,0,video958,live:video958,0.356842,0.401872,0.045030
live_val,VQ,live,0,video968,live:video968,0.499668,0.465164,-0.034504
live_val,VQ,live,0,video975,live:video975,0.657670,0.573144,-0.084527
live_val,VQ,live,0,video994,live:video994,0.725426,0.680646,-0.044780
live_val,VQ,live,0,video1000,live:video1000,0.478140,0.479709,0.001569
live_val,VQ,live,0,video1009,live:video1009,0.646825,0.632647,-0.014178
live_val,VQ,live,0,video1013,live:video1013,0.338449,0.400155,0.061705
live_val,VQ,live,0,video1048,live:video1048,0.316520,0.338013,0.021493
live_val,VQ,live,0,video1061,live:video1061,0.474151,0.490533,0.016382
live_val,VQ,live,0,video1080,live:video1080,0.369833,0.369833,0.000000
live_val,VQ,live,0,video1084,live:video1084,0.733569,0.720716,-0.012853
live_val,VQ,live,0,video1086,live:video1086,0.565686,0.580315,0.014629
live_val,VQ,live,0,video1102,live:video1102,0.465072,0.466262,0.001190
live_val,VQ,live,0,video1103,live:video1103,0.479888,0.456327,-0.023561
live_val,VQ,live,0,video1105,live:video1105,0.462188,0.412155,-0.050033
live_val,VQ,live,0,video1108,live:video1108,0.650248,0.659928,0.009680
live_val,VQ,live,0,video1122,live:video1122,0.400920,0.481936,0.081016
live_val,VQ,live,0,video1126,live:video1126,0.606839,0.601255,-0.005584
live_val,VQ,live,0,video1132,live:video1132,0.562442,0.562070,-0.000371
live_val,VQ,live,0,video1135,live:video1135,0.297336,0.186295,-0.111041
live_val,VQ,live,0,video1137,live:video1137,0.503635,0.355859,-0.147775
live_val,VQ,live,0,video1147,live:video1147,0.699656,0.695823,-0.003833
live_val,VQ,live,0,video1154,live:video1154,0.290446,0.394499,0.104053
live_val,VQ,live,0,video1170,live:video1170,0.648410,0.662992,0.014582
live_val,VQ,live,0,video1174,live:video1174,0.195511,0.239035,0.043524
live_val,VQ,live,0,video1177,live:video1177,0.553579,0.506186,-0.047392
live_val,VQ,live,0,video1180,live:video1180,0.265339,0.575693,0.310354
live_val,VQ,live,0,video1181,live:video1181,0.542313,0.521292,-0.021021
live_val,VQ,live,0,video1203,live:video1203,0.506840,0.506669,-0.000171
live_val,VQ,live,0,video1213,live:video1213,0.336216,0.369259,0.033043
live_val,VQ,live,0,video1215,live:video1215,0.328377,0.419484,0.091107
live_val,VQ,live,0,video1228,live:video1228,0.552060,0.549605,-0.002455
live_val,VQ,live,0,video1229,live:video1229,0.472315,0.469177,-0.003138
live_val,VQ,live,0,video1239,live:video1239,0.481414,0.505578,0.024163
live_val,VQ,live,0,video1261,live:video1261,0.725002,0.727078,0.002075
live_val,VQ,live,0,video1279,live:video1279,0.637443,0.634167,-0.003276
live_val,VQ,live,0,video1281,live:video1281,0.570100,0.639847,0.069747
live_val,VQ,live,0,video1307,live:video1307,0.587501,0.593458,0.005957
live_val,VQ,live,0,video1310,live:video1310,0.778979,0.778979,0.000000
live_val,VQ,live,0,video1327,live:video1327,0.596402,0.667547,0.071145
live_val,VQ,live,0,video1351,live:video1351,0.655787,0.655928,0.000142
live_val,VQ,live,0,video1360,live:video1360,0.494039,0.467416,-0.026623
live_val,VQ,live,0,video1370,live:video1370,0.697232,0.691597,-0.005635
live_val,VQ,live,0,video1377,live:video1377,0.623483,0.641298,0.017815
live_val,VQ,live,0,video1379,live:video1379,0.608556,0.644837,0.036281
live_val,VQ,live,0,video1388,live:video1388,0.578244,0.660648,0.082404
live_val,VQ,live,0,video1426,live:video1426,0.608183,0.500339,-0.107844
live_val,VQ,live,0,video1431,live:video1431,0.484524,0.468292,-0.016232
live_val,VQ,live,0,video1436,live:video1436,0.440958,0.315445,-0.125512
live_val,VQ,live,0,video1467,live:video1467,0.494758,0.471190,-0.023568
live_val,VQ,live,0,video1482,live:video1482,0.797942,0.797942,0.000000
live_val,VQ,live,0,video1490,live:video1490,0.525981,0.616937,0.090956
live_val,VQ,live,0,video1513,live:video1513,0.508895,0.503133,-0.005763
live_val,VQ,live,0,video1518,live:video1518,0.474548,0.483391,0.008843
live_val,VQ,live,0,video1532,live:video1532,0.427557,0.431036,0.003479
live_val,VQ,live,0,video1534,live:video1534,0.442158,0.489209,0.047050
live_val,VQ,live,0,video1537,live:video1537,0.462821,0.462821,0.000000
live_val,VQ,live,0,video1543,live:video1543,0.616134,0.639803,0.023669
live_val,VQ,live,0,video1557,live:video1557,0.608147,0.630070,0.021923
live_val,VQ,live,0,video1560,live:video1560,0.453676,0.405021,-0.048655
live_val,VQ,live,0,video1568,live:video1568,0.429175,0.444720,0.015546
live_val,VQ,live,0,video1591,live:video1591,0.486971,0.497060,0.010089
live_val,VQ,live,0,video1595,live:video1595,0.406019,0.514874,0.108855
live_val,VQ,live,0,video1598,live:video1598,0.501797,0.482775,-0.019022
live_val,VQ,live,0,video1608,live:video1608,0.427011,0.417497,-0.009514
live_val,VQ,live,0,video1609,live:video1609,0.607065,0.682788,0.075723
live_val,VQ,live,0,video2584,live:video2584,0.852967,0.852967,0.000000
live_val,VQ,live,0,video2599,live:video2599,0.486098,0.515590,0.029492
live_val,VQ,live,0,video2644,live:video2644,0.670352,0.643973,-0.026379
live_val,VQ,live,0,video2647,live:video2647,0.804955,0.804955,0.000000
live_val,VQ,live,0,video2648,live:video2648,0.398578,0.404121,0.005543
live_val,VQ,live,0,video2649,live:video2649,0.563507,0.604974,0.041467
live_val,VQ,live,0,video2660,live:video2660,0.589812,0.575020,-0.014792
live_val,VQ,live,0,video2663,live:video2663,0.418311,0.569626,0.151316
live_val,VQ,live,0,video2674,live:video2674,0.784274,0.784274,0.000000
live_val,VQ,live,0,video2677,live:video2677,0.306461,0.403071,0.096610
live_val,VQ,live,0,video2681,live:video2681,0.603215,0.631564,0.028350
live_val,VQ,live,0,video2688,live:video2688,0.277484,0.274026,-0.003458
live_val,VQ,live,0,video2709,live:video2709,0.538284,0.575893,0.037609
live_val,VQ,live,0,video2749,live:video2749,0.729752,0.734077,0.004325
live_val,VQ,live,0,video2753,live:video2753,0.415885,0.396195,-0.019690
live_val,VQ,live,0,video2759,live:video2759,0.352381,0.328170,-0.024211
live_val,VQ,live,0,video2761,live:video2761,0.215097,0.214288,-0.000810
live_val,VQ,live,0,video2769,live:video2769,0.618656,0.604025,-0.014631
live_val,VQ,live,0,video2774,live:video2774,0.615048,0.622613,0.007565
live_val,VQ,live,0,video2787,live:video2787,0.656956,0.656956,0.000000
live_val,VQ,live,0,video2802,live:video2802,0.580617,0.562850,-0.017767
